ID,Lake,Elevation,Latitude,Longitude,Area,Depth,Sampling.events,Sampling.years
1,Kitlope,9.128296,53.11147,-127.78257,11869298.19,185.2,7,2
10,Cultus,45.135944,49.05395,-121.98548,6356157.406,41.8,1,1
100,Heather Lake,1915.231201,51.04766889,-118.1424931,1545.37019,0.5,4,2
1000,LM03,1305.634399,46.947332,-121.879155,3916.512088,1,1,1
1001,LF12,1738.478394,46.913041,-121.754549,19327.50782,3.5,2,1
1002,Anderson,1270.323242,47.60178,-121.48414,8667.205705,4.9,1,1
1004,ML4,1576.713745,48.56318,-120.95962,33256.00494,6.4,2,2
1005,Eleanor,1518.245605,46.99053,-121.657296,69544.57499,16,3,1
1006,PM3,1608.591675,48.83673,-121.1025,43255.05179,5.5,3,3
1007,LW24,1695.822144,46.923079,-121.583445,2641.632135,3.8,2,1
1008,HM4,870.373962,48.943931,-121.005742,68255.15586,8,2,2
1009,MC21-2,1517.643188,48.89811,-121.36771,14628.37305,3,1,1
101,R14 Pond,1934.598389,51.08221729,-117.9771175,15569.27082,9,2,1
1010,Shadow,1888.552124,46.911112,-121.65713,8888.302969,5,2,1
1011,LP12,1791.54834,46.832339,-121.8632,14923.28852,1,3,2
1012,MP8,1566.597168,48.78649,-121.20365,6379.115337,3.7,1,1
1013,Bandana,980.811829,48.185938,-121.771522,9909.676278,6.1,1,1
1015,MC2,1794.93103,48.75953,-121.49954,10303.35017,11,1,1
1016,FP4,1623.890747,48.555724,-121.078621,280308.5946,33,1,1
1017,LM48,1607.898071,46.87912,-121.89907,95.023138,1,1,1
1018,HM2,861.37262,48.960024,-121.03525,393191.4584,19,2,2
102,R13 Pond,1992.508179,51.07466169,-117.9773295,15162.7566,12,2,1
1020,LP23,1455.957886,46.798128,-121.915847,644.213236,1.2,1,1
1021,MC21-1,1520.432007,48.8969,-121.37036,14563.35478,5,1,1
1022,M7,1361.818359,48.70706,-121.47766,29328.13795,11,1,1
1023,LW44,1812.985352,46.889796,-121.701429,890.659497,0.5,1,1
1024,Clover,1749.439087,46.928656,-121.594153,28961.33616,14.2,18,1
1025,MC6,1604.291016,48.918206,-121.449591,52226.6672,21.3,1,1
1027,PM1,1174.165039,48.85028,-121.11297,28849.48071,9.1,1,1
1028,Allen,1397.668945,46.765081,-121.892679,17820.24056,7.2,2,1
103,R17 Pond,2186.568604,51.11615538,-118.0057506,7786.840379,4,2,1
1031,LW40,1337.335815,46.873197,-121.541506,10356.31427,5.2,22,2
1032,MC17-1,1754.230835,48.884665,-121.368191,38145.95998,13.1,3,2
1033,LH19,1687.155884,46.937601,-121.621611,1376.751722,1,1,1
1034,LN09,1631.571655,46.793917,-121.83987,1100.892235,1.2,1,1
1035,Eunice2,1631.636353,46.955196,-121.877671,54551.09239,20,13,5
1036,Crescent,1696.389893,46.952363,-121.768404,70463.57149,29,2,1
1037,Upper Hayes,1456.95166,48.857346,-121.720143,50005.99201,11.7,1,1
1038,LC13,1698.435181,46.936885,-121.835067,5954.913629,1,3,3
1039,LW23,1787.501221,46.924725,-121.595754,592.969157,0.5,1,1
104,R18 Pond,2194.443359,51.11917893,-118.0065593,9289.347159,8,2,1
1040,Greenridge,1170.085083,47.539835,-121.450648,56629.22578,16.2,1,1
1041,FP7,1376.02832,48.526471,-121.083801,330803.5279,33,1,1
1042,MC12,1765.302246,48.944687,-121.310553,101610.8154,46.3,1,1
1043,M23,1482.353394,48.557037,-121.279225,115706.4914,37.2,2,2
1044,M20,1366.654541,48.684315,-121.326708,223079.6227,33,2,2
1045,Serene,768.660278,47.782047,-121.571219,201721.424,61,1,1
1046,Dick,1722.779785,46.940809,-121.593773,3748.910769,2.5,2,1
1047,LW16,971.575806,46.929794,-121.544092,2382.543695,5,1,1
1048,M6,1632.85791,48.71359,-121.49606,6132.90193,3.6,2,1
1049,Bertha,1314.890747,47.75539,-121.246213,9311.778839,3.1,1,1
105,R15 Pond,1909.415405,51.07484511,-117.9715093,12157.58396,6,2,1
1050,Foehn,1734.731934,47.56717,-121.25877,4700.542272,5.2,1,1
1051,Ethel,1325.586182,46.969289,-121.738135,101916.2521,29.5,2,1
1052,Mowich,1503.197754,46.937141,-121.86273,451766.6399,59,7,6
1053,Talapus,993.970825,47.414834,-121.518707,68569.75571,8.5,1,1
1054,LP03,1489.158203,46.87515,-121.90881,373.890426,1,1,1
1055,LN10,1543.718872,46.786217,-121.83349,2179.601817,1,1,1
1057,Dorothy,932.114929,47.588444,-121.38538,1055960.449,46.3,1,1
1058,South Tank,1767.412842,47.561329,-121.263619,8150.005989,4.3,2,2
1059,Granite,1269.692505,46.697331,-121.926492,108080.2761,16.8,1,1
106,Balsam Lake (East),1837.197876,51.04074034,-118.1493264,5166.115419,1,6,3
1060,MC1,1719.387329,48.75556,-121.49695,3433.483461,3,2,2
1061,LW06,1754.358154,46.952069,-121.577929,3651.440594,3.6,1,1
1062,LW01,1697.927734,46.986173,-121.573113,9728.55498,2,1,1
1064,Kelcema,971.942383,48.114269,-121.601793,80445.30878,16.2,1,1
1065,LS7,1506.659058,48.74806,-121.50104,25814.40663,7.9,1,1
1066,MC17-4,1728.552246,48.8842,-121.37368,9574.587474,4.3,3,2
1067,LW45,1931.886475,46.857251,-121.653517,3364.288582,1.5,1,1
1068,Marten,901.295593,47.591773,-121.5151,155752.8016,18.6,1,1
1069,MSH4,1607.83313,48.85905,-121.51856,9990.110525,8.9,3,2
107,Jade Lake (Lower),1759.685791,51.07542312,-118.0700462,45845.85169,23,7,3
1070,LM06,1755.689575,46.921341,-121.836123,1115.0566,1,1,1
1071,Upper Bagley,1287.232056,48.853941,-121.691748,25887.90892,1.2,1,1
1072,LN25,1677.057495,46.800416,-121.821058,833.567911,1.1,1,1
1073,North Tank,1765.845093,47.565684,-121.264785,8794.238816,5.2,2,2
1074,DD4,1186.57373,48.68415,-121.182973,42825.10009,19,1,1
1075,LW03,1521.105347,46.977381,-121.563031,8693.942737,6.4,1,1
1076,DD1,1494.851074,48.74554,-121.13933,6128.426329,2.4,3,2
1077,MC4,1577.728394,48.89902,-121.4846,4406.269535,4.9,2,2
1078,M1,1166.816772,48.66224,-121.4658,12811.04794,4.3,2,2
1079,Leprechan,72.965263,47.289817,-123.057653,25148.22967,3.7,1,1
108,Jade Lake (Upper),1809.377563,51.07016627,-118.0764764,65306.86646,14,11,4
1080,LC02,1464.008423,46.969507,-121.896491,3168.312398,1.9,2,2
1081,LC43,1859.692139,46.915288,-121.767653,1759.826666,0.5,1,1
1082,Big Paradise,1238.179443,47.653383,-121.501189,84149.46519,43,1,1
1083,Harry,1727.397583,46.941621,-121.592547,5008.011674,4.2,1,1
1084,LS2,1222.890503,48.64608,-121.53771,12607.33183,4.9,8,6
1085,UK01,1634.497559,46.793036,-121.842156,327.916857,0.5,2,1
1086,HM3,959.185547,48.94881,-121.03087,44099.82077,9.8,1,1
1087,No Name,1715.049194,47.60238,-121.17992,26896.14617,7.8,1,1
1088,LC32,1748.303589,46.961054,-121.755313,8736.682774,3.9,1,1
1089,LH20,1756.717773,46.932136,-121.622486,1741.610689,0.8,1,1
109,Marion Lake,1691.446411,51.25949286,-117.5086327,5383.203452,2.2,5,3
1090,LW22,1800.546997,46.925032,-121.598409,550.094856,0.9,1,1
1091,MC17-2,1745.07312,48.88278,-121.3691,5900.579179,5.5,3,2
1092,James,1346.136841,46.966167,-121.734542,49820.96862,23,2,1
1093,LW33,1122.218018,46.891716,-121.594681,1302.429748,2,1,1
1097,LW43,1578.005249,46.866832,-121.58506,15692.2636,1.7,1,1
1098,LW25,1906.138062,46.920899,-121.602618,940.90333,0.5,1,1
1099,LW17,981.2995,46.927423,-121.545879,1074.69572,3.2,1,1
11,Gwendoline,531.175476,49.32819,-122.57184,114935.9415,27,3,3
110,Balsam Lake (West),1822.700073,51.04085845,-118.1537656,2077.069323,1.5,4,2
1100,LH24,1724.550293,46.932417,-121.652953,5856.076565,2.5,1,1
1101,LM09,1862.589355,46.913576,-121.82516,269.355012,1.2,1,1
1102,Sunrise,1745.306152,46.919726,-121.5888,15017.48593,7,9,5
1103,RD3,795.510071,48.69474,-121.12343,2482.217231,8.8,16,7
1104,LM37,1522.567871,46.882944,-121.893362,4491.343154,2.5,1,1
1105,Williams,1402.231689,47.550946,-121.247599,44930.31565,7,1,1
1106,Slide,948.408569,48.43095,-121.347902,123807.0722,11.2,1,1
1107,LC31,1512.984253,46.971453,-121.779231,9837.130142,5,3,2
1108,LS1,1223.113159,48.64469,-121.53701,4058.810126,3.4,10,5
1109,ML2,1692.187012,48.60102,-120.94408,36540.24863,27.4,2,1
111,Schuss Lake (AKA Fidelity),1838.432983,51.24030395,-117.7075739,24797.15336,4,5,2
1110,LC33,1740.921021,46.959011,-121.75573,9614.424323,1.5,1,1
1111,Bertha Mae,1235.720581,46.698721,-121.936772,77708.10028,33.5,1,1
1112,Snow,1222.774292,47.467055,-121.455926,655735.4135,12.6,1,1
1113,Cougar,1256.764648,47.601221,-121.528711,80912.24645,34.1,1,1
1114,RD5-1,1031.54834,48.65889,-121.03909,808.987702,3,15,7
1115,LW13,1671.820068,46.937747,-121.592515,3915.599239,2.8,1,1
1116,Snoqualmie,959.667847,47.567055,-121.411769,500998.7809,51.8,1,1
1117,LW18,983.010925,46.926171,-121.546885,1770.303145,4.9,6,1
1118,Iceberg,1462.490234,47.500946,-121.305647,88167.31379,32.9,1,1
1119,Crystal,1778.183594,46.905246,-121.507199,31982.4209,9.2,3,1
1120,Christine,1469.854248,46.77761,-121.936495,10365.68631,3.7,1,1
1121,EP3,1297.208862,48.60845,-121.18017,8507.41526,3.7,1,1
1122,LM53,1604.99353,46.877361,-121.8847,1108.264504,1.5,1,1
1124,MC27,1487.093872,48.7925,-121.36853,53148.67075,8.8,4,3
1125,Lower Hardscrabble,1398.339478,47.531226,-121.342318,25961.29642,6.1,1,1
1126,Twin,1430.284424,47.953231,-121.379436,260720.4869,22.9,1,1
1127,LM05,1744.375122,46.922208,-121.839938,1343.472095,0.5,1,1
1128,PM53,1389.640259,48.832879,-121.090203,3249.511826,3,3,2
1129,Saddle,1149.015381,48.1789,-121.75673,14224.88592,6.1,1,1
113,Pond R23,1646.840088,51.03366901,-118.1641552,3809.250805,0.6,1,1
1130,LM11,2004.403687,46.910499,-121.816076,9399.791344,11.6,1,1
1131,LP15,2043.509888,46.830766,-121.85035,620.903667,1,1,1
1133,George,1305.973755,46.789149,-121.903387,138524.8805,42.5,10,2
1134,LH21,1747.878052,46.931159,-121.624662,2439.766956,2.3,1,1
1135,LW41,1610.190796,46.871635,-121.533711,1175.219139,1.1,3,2
1136,Frozen,2047.195923,46.919062,-121.666717,18209.12691,6.3,2,1
1137,Blue3,1728.119873,42.516243,-122.281418,39452.96256,8,2,2
1138,Lemolo,1262.239258,43.314264,-122.186692,1745891.39,29,5,2
1139,Hemlock2,1859.998047,42.617073,-122.228638,19954.02579,6,1,1
1140,Vulcan,1183.802368,42.186963,-123.984543,14178.03619,7.1,1,1
1141,Dee2,1808.107666,42.520966,-122.243912,53845.84784,1.9,1,1
1142,Cliff,1912.655518,42.651524,-122.219467,39049.41604,3.5,1,1
1143,Babyfoot,1213.025391,42.220866,-123.805599,15755.91537,5.3,2,2
1144,Horseshoe,1747.951172,42.508186,-122.273636,99221.43455,3,1,1
1145,Island,1803.80957,42.52156,-122.23936,180776.7245,4.1,1,1
1146,Alta,2073.769043,42.65952,-122.23404,60674.85773,3.5,3,2
1147,Pear,1754.450195,42.51152,-122.266693,59883.6794,5.4,2,2
1148,Finch,2009.835693,42.630409,-122.230026,5276.190967,1,1,1
1149,Holst,1876.480835,42.612076,-122.23114,15777.95227,4,1,1
115,Millar Lake,1905.311523,51.07014981,-118.1052081,85487.16974,27,13,4
1150,Carey,1836.338989,42.511246,-122.257248,26064.15735,8,1,1
1151,High Blue Canyon,1870.654907,42.504117,-122.28411,8056.910777,4.2,1,1
1152,Middle,1860.215454,42.657074,-122.221413,117711.7582,3.5,1,1
1153,Round,1783.230103,42.526798,-122.291695,9833.534646,2.6,1,1
1154,Mud,1711.18811,42.519855,-122.275024,19268.63573,2,1,1
1155,Azalea,545.392273,42.702932,-124.072784,5722.763887,1,2,2
1156,Fish2,1504.348755,42.07119,-123.33093,3456.286559,5.5,5,3
1157,Towhead,1640.405762,41.927436,-123.195349,2595.595546,3.5,2,2
1158,Toketee,734.816101,43.268085,-122.412819,309368.8794,8.5,1,1
1159,Wolf,1666.512085,43.149077,-122.451216,16148.73749,2.6,1,1
116,Eva Lake,1948.208862,51.08151087,-118.1086625,31745.9204,12,9,4
1160,Red2,1774.531372,42.537079,-122.242805,116637.3915,0.7,1,1
1161,Beal,1689.343506,42.5243,-122.275581,19942.88639,1.9,1,1
1162,WILL241,1671.053101,43.767364,-122.013476,2083.867534,1.3,1,1
1163,WILL292,1624.189697,43.752637,-122.081579,2676.338796,1.4,1,1
1164,Sluice Creek Pond,653.805969,45.001347,-122.041939,4481.325926,2.4,1,1
1165,Pyramid,1216.00061,45.146931,-121.926677,21186.82943,2,1,1
1166,Desane,1601.702271,43.913452,-121.916702,11270.23485,2.4,1,1
1167,Square,1679.683594,44.10128,-121.88349,9695.985929,5.3,1,1
1168,Lower Horse,1398.598022,44.008171,-121.893089,59241.31454,2.4,1,1
1169,Lower Twin1,1151.883545,44.855823,-122.109327,52823.5918,12.2,1,1
117,G16 Pond,2090.33374,51.30607721,-117.3442704,5625.895924,6.5,2,1
1170,WILL302,1593.359131,43.751191,-122.086039,9074.723501,1.4,1,1
1171,Triangle,1388.851318,44.85067,-121.778404,25988.03584,0.8,1,1
1172,Lower,1445.981934,44.82551,-121.80589,50601.12745,19.8,1,1
1173,WILL12,1657.84729,43.827807,-122.002302,2482.246242,4.2,1,1
1174,Anvil,1222.571411,45.137177,-121.857299,6764.008364,1.5,1,1
1175,Scott,1465.184448,44.213455,-121.889214,144528.987,5.8,1,1
1176,Penn,1454.262207,43.951225,-121.919479,53772.83154,1.5,1,1
1177,Cottonwood,1222.849854,45.105871,-121.961272,35577.07085,1.2,1,1
1178,Melakwa,1495.813599,44.200951,-121.910881,90456.17525,8.2,1,1
1179,West2,1313.598145,44.884153,-122.075961,6536.941082,1.5,1,1
1180,Separation,997.006897,44.08234,-121.961151,19867.90014,4.9,1,1
1181,Lenore,1486.376587,44.895625,-122.067231,20053.46578,3.1,1,1
1182,Wall,1468.71106,44.817619,-121.83535,22771.80147,3.7,1,1
1183,WILL144,1652.388428,43.79279,-122.006888,1412.871576,2,1,1
1184,Pansy,1212.404297,44.88516,-122.114332,21124.09891,2,1,1
1185,Moonlight,1389.182739,44.017338,-121.8992,21728.62826,4.3,1,1
1186,Round2,1087.139771,44.873329,-121.9734,3883.236041,7.9,1,1
1187,Timber,453.702911,45.092186,-122.065237,21930.20319,6.7,1,1
1188,WILL171,1681.015015,43.785647,-122.029196,4282.6799,3.1,1,1
1189,Skookum,1264.307373,44.99761,-122.16426,9027.654763,1.2,1,1
119,G7 Pond,1772.448364,51.17180427,-117.3879844,61224.13113,10,2,1
1190,Silver King,1252.998291,44.870455,-122.148113,14784.33815,1.5,1,1
1191,Dinger,1213.446655,45.14631,-121.8439,52361.39168,5.8,1,1
1192,Mink,1534.489868,43.930119,-121.924759,590106.1642,29.4,1,1
1193,WILL66.1,1593.885254,43.814904,-122.019922,25076.20576,0.8,1,1
1194,WILL176,1658.190308,43.785921,-122.023649,4833.96712,3,1,1
1195,West Sportsman,1236.959717,44.817046,-121.908394,5851.677699,1.5,1,1
1196,Clackamas,1016.704956,45.09623,-121.742851,10841.15262,1.5,1,1
1197,Big,1416.008057,44.371231,-121.872559,914573.3617,23.5,3,3
1198,WILL19,1588.840332,43.827161,-122.015513,4731.834797,2.5,1,1
1199,Middle Horse,1413.556152,44.003448,-121.886147,15050.72607,4.6,1,1
12,Loon,343.506073,49.31008,-122.58861,496844.666,57.9,2,2
1200,Memaloose,1248.133789,45.097897,-122.236748,22611.7747,2,1,1
1201,Middle Rock,1309.181274,45.144287,-121.984528,44812.55065,11,1,1
1202,Robinson,1191.005737,44.290676,-121.949501,39851.877,4.3,1,1
1203,WILL149,1659.219482,43.791645,-122.007321,907.153724,1,1,1
1204,WILL263,1667.103394,43.763517,-122.055498,8538.810626,3.3,1,1
1205,Squaw (Tumala),1082.821289,45.22434,-122.02271,2451.155512,1.5,1,1
1206,WILL26,1675.086426,43.826128,-121.999168,2485.162175,2.5,1,1
1207,Krag,1667.20166,43.960949,-121.889481,20275.59417,5.5,1,1
1208,Lancelot,1830.911987,44.043728,-121.833923,15535.38638,4.6,1,1
1209,Horse,1502.181152,44.001507,-121.871147,129606.1166,7.3,2,2
121,G13 Pond,1104.788574,51.24023783,-117.3589493,34703.68994,1,2,1
1210,Fryingpan,1216.373901,45.18889,-121.79301,66479.38679,1.8,1,1
1211,Surprise3,1227.060791,45.019797,-122.182826,16269.62062,1.4,2,2
1212,WILL73,1606.91333,43.813835,-122.020593,3959.545473,1.3,1,1
1213,Little Crater,987.280396,45.14831,-121.75084,569.27671,13.7,1,1
1214,Sheep3,1482.460815,44.818172,-121.831459,19225.43184,2,1,1
1215,WILL13,1736.279053,43.827644,-121.988186,4800.651344,2.2,1,1
1217,WILL259,1578.136597,43.764194,-122.068561,847.786873,0.5,1,1
1218,Honey,1698.347046,44.100674,-121.872261,35359.25835,10.4,1,1
1219,Red,1405.041748,44.812618,-121.853409,24851.98367,1.5,1,1
122,Wood Lake,392.797607,50.08063,-119.39062,9139594.144,33.8,1,1
1220,Prince,1282.224243,44.210674,-121.952553,22215.34118,3.9,1,1
1221,Welcome,1278.227417,44.8799,-122.06681,22424.72028,2.4,1,1
1222,Dickey,1300.352295,44.887959,-122.104112,6752.527896,1.2,1,1
1223,Bump,1238.01709,44.84974,-121.84494,15916.26429,4.6,1,1
1224,Mac,1555.166382,43.920673,-121.908089,85423.4045,14.9,1,1
1225,Kidney,1666.029053,44.098728,-121.883377,29667.791,4.7,1,1
1226,Moolack,1329.947388,43.822899,-122.070869,42864.10504,6.1,1,1
1227,WILL188,1683.49353,43.780618,-122.001037,5766.514788,1,1,1
1228,Benson,1582.439819,44.220951,-121.91172,76061.27142,16.2,1,1
1229,Spring,1509.715942,44.189007,-121.86644,4519.752387,5.4,1,1
1230,WILL290,1627.257568,43.752509,-122.077098,4399.216769,1.1,1,1
1231,Davey,1571.370117,44.76762,-121.815903,8078.828749,4.6,1,1
1232,Averill,1421.156128,44.815674,-121.84507,48765.4279,4,1,1
1233,Hidden4,1000.857422,44.020119,-122.237541,84231.16245,12.2,2,2
1234,Hideaway,1246.738281,45.121506,-121.967857,61684.96539,9.2,1,1
1235,Timothy,983.361023,45.11915,-121.7882,5664233.027,24.4,6,5
1236,Campers,1474.590942,44.22456,-121.868385,39218.46791,4,1,1
1237,Serene2,1300.699951,45.147617,-122.003967,87816.47042,14,1,1
1238,Linton,1066.762939,44.167896,-121.893936,327621.7487,24.4,1,1
1239,Buck,1231.948242,45.11089,-121.87225,39763.67279,9.2,1,1
1240,Elk2,1129.179443,44.821286,-122.124432,267865.2042,9.2,1,1
1241,WILL69,1597.032959,43.814536,-122.012073,3061.942469,1.5,1,1
1242,Denude,1828.929932,44.039841,-121.835037,26834.57485,4.9,1,1
1243,Lost3,1213.093262,44.43095,-121.90991,321004.3198,2.7,1,1
1244,Si,1261.887695,44.844284,-121.827293,30226.61358,3.4,1,1
1245,Porky,1474.54187,43.93304,-121.90967,129522.7786,5.8,1,1
1246,Craig,1561.483521,44.249173,-121.836512,3896.17295,2,1,1
1247,Upper Big Slide,1324.049072,44.886557,-122.087482,2432.229731,3.4,1,1
1248,Baldy,1150.351196,45.275706,-122.084873,6979.416317,1.5,1,1
1249,Upper Twin1,1192.788452,44.857733,-122.120029,47744.94035,15.2,1,1
125,Okanagan,337.923431,49.83385,-119.52361,349889101.4,242,2,2
1250,Blue2,1600.86853,44.521058,-121.872462,40002.27448,95.7,1,1
1251,Nash,1504.524292,44.054008,-121.874481,99236.18696,11.9,2,2
1252,Big Slide,1299.564941,44.88929,-122.085915,13479.7407,3.1,1,1
1253,Clear2,919.83905,44.367622,-121.994232,603200.8813,52.7,1,1
1254,WILL233,1578.788208,43.768476,-122.067833,2436.289946,1,1,1
1255,Shining,1187.33667,45.185398,-122.013138,53654.96661,7.9,1,1
1256,Summit,1274.456421,45.031506,-121.788689,38315.87422,1.2,1,1
1257,WILL186,1683.14624,43.781222,-122.003908,4334.528784,0.8,1,1
1258,Shellrock,1280.528442,45.135952,-121.972023,67496.41197,6.9,1,1
1259,WILL201,1742.913574,43.777779,-122.024742,2892.717705,2.3,1,1
126,Kalamalka,389.320129,50.17369,-119.33083,25639957.81,142,2,2
1260,WILL208,1755.719482,43.775171,-122.03096,3446.717615,1.6,1,1
1261,WILL101,1640.210327,43.802535,-122.009383,2003.500077,1,1,1
1262,WILL108,1647.448486,43.800611,-122.002571,2097.115706,1.4,1,1
1263,Top,1584.146973,43.90901,-121.939069,23417.35971,4.2,1,1
1264,S,1569.421021,43.917221,-121.912212,24161.45202,2.4,1,1
1265,LO08,1503.380493,46.8333,-121.583505,3064.418176,2.9,3,2
1266,LZ08,1812.339966,46.797577,-121.705384,462.137308,0.5,1,1
1267,Rock,1453.154419,45.99848,-121.80486,7696.870105,3.4,1,1
1268,LZ03,1870.084106,46.815874,-121.656331,2331.993543,1,3,3
1269,Trillium,1097.149536,45.26958,-121.73951,207828.3579,4.9,1,1
127,Mahoney,474.733551,49.28861,-119.58186,180583.1402,18.9,1,1
1270,Enid,1109.917114,45.305676,-121.776192,3009.344358,0.6,1,1
1271,Long,1162.37207,46.627893,-121.805924,18355.92182,4.3,2,2
1272,Dumbbell,1244.319214,45.35663,-121.84603,9240.378609,1.2,1,1
1273,Hickman,1008.992432,45.418175,-121.912025,43567.79371,4.6,1,1
1274,Sheep2,1737.734375,46.45153,-121.43142,8246.619471,2.1,1,1
1275,Burnt,1252.443237,45.350674,-121.802856,24221.83147,7.9,2,1
1276,Art,1169.692871,46.602895,-121.607868,6409.397407,3.7,1,1
1277,Kinzel,1306.828369,45.254009,-121.861191,3775.873262,1.5,1,1
1278,LO17,1456.887573,46.76755,-121.46465,1227.502886,1.2,1,1
1279,Bench,1382.928467,46.763038,-121.699041,28771.12682,11,15,1
128,Osoyoos,274.880096,49.05552,-119.47991,23332967.55,63.4,2,2
1280,LZ17,1585.692139,46.775571,-121.71786,1353.418432,2.1,6,1
1281,Lemei,1478.758179,46.017898,-121.776473,24461.94611,2.1,1,1
1282,Salmon,1162.424072,45.2182,-121.958326,6226.32856,1.2,1,1
1283,LZ05,1883.598999,46.814867,-121.652575,1301.660287,1,1,1
1284,Elk,1428.768799,46.021508,-121.795364,50670.14274,4.9,1,1
1285,Willame,1238.110352,46.596223,-121.804813,20006.17753,4.3,1,1
1286,Wright,901.610474,46.49388889,-121.5758333,8860.170251,4.6,1,1
1287,Deer2,1466.741943,46.024278,-121.787303,20811.08201,3.1,1,1
1288,Veda,1288.853027,45.255955,-121.786186,9443.501804,4.3,1,1
1289,Devils,1197.94397,45.34034,-121.82419,4617.071197,0.8,1,1
129,Madden,832.216614,49.23175,-119.62556,71363.13917,19.8,1,1
1291,Louise,1401.70752,46.770318,-121.717682,73307.06794,17.2,29,7
1292,LZ12,1652.128052,46.77927,-121.72074,242.72282,1,6,1
1293,Snow,1426.526367,46.757459,-121.697524,23868.80583,10.7,25,4
1294,Wood,1478.486694,46.049008,-121.785914,38321.08553,3.4,1,1
1295,Bluff,1166.058472,46.658725,-121.546478,13407.61714,10.1,1,1
1296,LZ19,1591.550415,46.77444,-121.71879,968.539915,2,6,1
1297,LZ25,1202.746948,46.764274,-121.646483,22306.23694,2.5,3,2
1298,LZ16,1605.702271,46.77598,-121.72021,344.135302,1,6,1
1299,Dee,1306.484985,46.005397,-121.830084,10882.56566,2.1,1,1
13,Eunice,487.342682,49.33506,-122.5602,150953.7862,42,4,4
1300,Plaza,1110.860962,45.227062,-121.992859,21021.48949,3.1,1,1
1301,LO21,1446.361084,46.76177,-121.47636,2439.238736,1.3,2,2
1302,LZ26,1203.029419,46.762878,-121.647163,6421.422764,3.2,2,2
1303,LZ15,1627.586914,46.776978,-121.720963,1688.472649,1.4,7,2
1304,LO19,1423.234985,46.764893,-121.473979,12365.01032,4,2,2
1305,Multipor,1158.052734,45.297478,-121.761291,3351.867532,0.5,1,1
1306,LZ35,1331.125,46.737837,-121.677921,52988.00641,10.5,9,9
1307,Synder,615.80719,46.593725,-121.644259,7141.346449,2.4,1,1
1308,LZ04,1890.773682,46.815352,-121.652093,1487.203269,1,2,1
1309,Heather,1313.137207,46.005117,-121.827864,10129.42552,2.4,1,1
131,Skaha,338.366486,49.41964,-119.58764,19614319.18,57,2,2
1310,Wind,1414.612549,45.284004,-121.792023,7964.363361,0.9,1,1
1311,Glacier,885.637268,46.550396,-121.581757,123779.5459,31.7,1,1
1312,LO28,918.462891,46.756666,-121.539686,7407.488585,1.9,1,1
1313,Goat,1956.295654,46.522058,-121.485635,78587.35473,6.1,1,1
1314,Hidden5,1166.692749,45.320118,-121.768135,2276.533132,4,1,1
1316,Chenamus,1298.62146,46.031777,-121.812584,25014.4871,1.8,1,1
1317,Eunice,1316.288208,46.005117,-121.824804,19317.2395,7,1,1
1318,Lower Goodfellow,867.480774,45.423907,-121.972144,29444.19723,2.7,1,1
1319,Mirror,1251.325317,45.297062,-121.793137,22604.18374,5.5,1,1
132,Misezula,1008.548523,49.7815,-120.51095,2528898.246,74.1,1,1
1320,Island Pond,1469.554077,46.352613,-122.157878,38719.28657,6.4,1,1
1321,Reflection,1480.288086,46.769505,-121.729597,67273.48987,11.5,30,6
1322,Hager,892.339783,46.57786,-121.6361,4311.394704,12.2,1,1
1323,LZ14,1627.039673,46.777461,-121.720767,413.678411,1.3,7,2
1324,Shriner,1487.184814,46.808257,-121.514725,16084.69565,3.5,8,1
1325,LZ18,1606.996094,46.775086,-121.720417,450.362508,0.8,6,1
1326,Cast,1346.540771,45.35002,-121.8369,20148.29857,1.6,1,1
1327,Effie,1806.243408,43.49568,-122.090986,20085.50398,0.9,1,1
1328,Upper Snowshoe,1542.906738,43.897617,-121.909477,114115.2957,3.4,1,1
1329,Pygmy,1726.010376,43.82098,-121.94924,1623.558799,13.1,1,1
133,Yellow,745.616821,49.33547,-119.76065,333163.3628,39.6,1,1
1330,Wahtum,1134.775513,45.582893,-121.794243,263846.5592,48.8,1,1
1331,Big Lava,1445.379272,43.920721,-121.771354,1387786.253,10,2,2
1332,Teacup,1331.732422,45.316784,-121.626465,3366.756539,0.5,1,1
1333,Navaho,1601.771362,43.828728,-121.922813,15545.46673,3.7,1,1
1334,Clear,1072.609985,45.18023,-121.7057,2108862.483,6.7,1,1
1335,Hidden1,1239.798218,46.0466,-121.739474,37019.03905,1.5,1,1
1336,View,1577.259399,44.793449,-121.798401,31362.4809,4.2,1,1
1337,Hosmer,1511.773926,43.9716,-121.77935,1009446.003,3.4,2,2
1338,Green,1380.684937,45.21799,-121.65276,7034.55376,0.5,1,1
1339,Timmy,1759.51062,43.828175,-121.947807,4749.34825,5.5,1,1
134,Kootenay Lake,522.727295,49.57009,-116.83124,422995372.2,155,3,1
1340,Winopee,1509.442749,43.882061,-121.905312,270091.3063,13.1,1,1
1341,South Barbie,1725.277832,43.819793,-121.95088,4477.952076,4,1,1
1342,Johnny,1632.012695,43.726231,-121.91642,66522.99192,6.4,1,1
1343,Merle,1607.879761,43.820396,-121.925034,30238.67849,6.4,1,1
1344,Davis,1335.352539,43.615955,-121.84642,12193545.76,7.6,1,1
1345,East Hanks,1640.565674,43.806786,-121.931702,18794.22248,9.2,1,1
1346,Warren,1137.491577,45.655952,-121.705078,19500.61522,2.4,1,1
1347,Lower Twin2,1276.323486,45.238174,-121.680634,73500.64558,5.5,1,1
1348,Comma,1446.889404,43.851227,-121.85614,65848.02519,1.8,1,1
1349,East,1941.665039,43.729012,-121.214745,3918995.598,54.9,1,1
135,Hahas,898.029358,49.74623,-115.8267,537955.4561,12.2,1,1
1350,Puppy,1583.888916,43.911228,-121.907532,40033.21411,4.6,1,1
1351,Tranquil,1724.921265,43.821507,-121.943924,5177.236085,3.7,1,1
1352,Surprise2,1292.714233,46.089024,-121.755572,3442.551253,3.4,1,1
1353,Ottertail,1155.498901,45.584282,-121.779243,11339.30664,0.9,1,1
1354,South Teddy,1481.986572,43.855999,-121.886691,54491.40364,3.1,1,1
1355,Lady,1729.461914,43.829838,-121.945869,6614.921249,4.3,1,1
1356,Middle Hanks,1644.09729,43.808174,-121.934479,18622.53145,6.1,1,1
1357,Looking Glass,1703.483276,46.16972,-121.55859,4749.706287,5.5,1,1
1358,Summit2,1693.47937,43.45548,-122.11917,2799124.051,18.3,1,1
1359,Toke Tie Pothole,1396.388062,45.98815,-121.792,11757.8251,5.5,1,1
136,K36 Pond (Lower Storm Lake),2212.195068,51.21405262,-116.0266663,27064.48802,6,2,1
1360,Forlorn4,1125.578247,45.963659,-121.748835,55587.8291,2.2,1,1
1361,Rainy,1249.12915,45.62696,-121.76242,33149.25649,4,1,1
1362,Jean,1612.029053,45.308523,-121.567019,21284.77192,6.1,1,1
1363,Forlorn,1123.914307,45.955607,-121.758943,20756.96256,6.4,1,1
1364,Umtax,1464.21106,45.99058,-121.80427,5817.875119,1.8,1,1
1365,Charlton,1735.463013,43.744011,-121.971977,529553.9291,29,1,1
1366,Meek,1698.510254,43.463455,-122.08503,48898.17115,3.9,1,1
1367,Comcomly,1299.913452,46.021779,-121.720083,11990.24547,2.3,1,1
1368,Basin4,1307.22229,45.975295,-121.812954,11162.08622,3.4,1,1
1369,Farrell,1702.750854,43.47538,-122.08211,12839.77503,1.6,1,1
137,Storm Lake (Upper),2212.317383,51.21619213,-116.0201207,84291.73859,20,5,2
1370,Red Slide,1729.286865,43.831234,-121.947533,7248.858322,5.5,1,1
1371,Kershaw,1642.813843,43.81509,-121.9379,12619.53598,4,1,1
1372,Blue,1408.989014,45.984838,-121.797863,47838.07729,14,1,1
1373,Little Boulder,1403.758667,45.250118,-121.562851,26162.90199,1.3,1,1
1374,Middle Snowshoe,1538.567749,43.89096,-121.906561,18755.76717,4.9,1,1
1375,Cultus,1422.596436,43.839008,-121.85392,4636349.545,64.3,3,2
1376,Peggy,1281.787109,45.975948,-121.820633,9786.579409,1.8,1,1
1377,Frog,1176.99939,45.219284,-121.695076,77481.35577,14,1,1
1378,Lindick,1876.421631,43.866783,-121.958366,24555.28514,7.6,1,1
1379,Paulina,1930.321899,43.720119,-121.255852,5547296.191,76.2,3,2
138,K24 Pond (Little Kootenay Pond),1180.189331,50.90292248,-116.0362545,23366.01034,1,3,2
1380,Simon,1676.612061,43.822063,-121.938362,6529.98066,4.1,1,1
1381,Hidden3,1242.967529,46.047056,-121.73323,9330.839208,2.3,1,1
1382,Stormy,1846.565918,43.853451,-121.966141,13633.62863,5.5,1,1
1383,Lemish,1572.552124,43.787338,-121.909752,65535.10168,3.4,2,2
1384,Copper,1681.956177,43.82789,-121.93883,3195.019541,4.1,1,1
1385,Darlene,1809.450562,43.42318,-122.049751,41977.48547,8.8,1,1
1386,Janet,1295.789185,45.97371,-121.81853,7164.136141,1.8,1,1
1387,Upper Rosemary,1781.058594,43.609566,-122.000587,23021.90873,4.7,1,1
1388,Little Steamboat,1188.030518,46.131751,-121.710926,14708.97759,2.1,1,1
1389,Sahalee Tyee,1428.360352,45.987058,-121.797303,22095.32743,22.6,1,1
1390,Odell,1459.289673,43.572899,-121.998367,13820066.97,85.4,4,2
1391,West Hanks,1646.658325,43.808174,-121.938087,26717.86593,3.7,1,1
1392,Forlorn3,1131.755859,45.960118,-121.756472,39372.10675,1.2,1,1
1393,Badger,1363.986816,45.29979,-121.56191,184084.7279,13.1,1,1
1394,Boulder,1385.704102,45.257618,-121.568405,55314.99132,5.5,1,1
1395,Josephine,1828.989624,43.841785,-121.964478,9097.471482,2.9,1,1
1396,Toke Tie,1427.688721,45.991778,-121.790083,11863.45904,3.4,1,1
1397,Little Cultus,1451.199463,43.80262,-121.873085,700175.4951,16.8,1,1
1398,Tombstone,1388.179443,45.981228,-121.793133,5342.975879,3.4,1,1
1399,Little Rock,1455.630127,45.9973,-121.805,2605.162254,2.1,1,1
14,Deer,21.924698,49.23638,-122.97143,304683.1942,6.4,NA,2
140,Daer Lake,1151.860474,50.79678791,-115.9498953,183047.5861,1,3,2
1400,Long3,1574.294312,43.906425,-121.908868,41101.20559,2.7,1,1
1401,Hidden2,1238.984497,46.048354,-121.73659,15282.60944,1.9,1,1
1402,North,1215.786133,45.642616,-121.757576,32591.44964,1.8,1,1
1403,Catalpa,1252.10437,45.22573,-121.63691,13009.62493,1.2,1,1
1404,Lodgepole,1613.530884,43.817062,-121.926697,12423.16235,4.3,1,1
1405,Suzanne,1809.041992,43.423458,-122.053917,35781.66695,7.5,1,1
1406,Clark,1723.330811,43.82011,-121.94967,4055.76892,4.6,1,1
1407,Gleneden,1756.977539,43.825954,-121.946701,3839.124795,4.6,1,1
1408,Delia,1297.074707,45.97504,-121.81582,7956.50439,3.1,1,1
1409,Heather2,1704.033447,43.812344,-121.956421,17862.51513,3.7,1,1
141,K13 Pond,1247.833984,50.88237183,-116.0828937,22767.38582,6,3,2
1410,South Prairie,912.572937,45.913169,-121.69647,20163.23202,2.8,1,1
1411,Snell,1711.164063,43.47628,-122.08691,40514.28957,1.2,1,1
1412,Cathy,1698.599976,43.834564,-121.937256,6275.443319,5.5,1,1
1413,North Twin,1321.996094,43.727341,-121.766418,431746.5333,19.2,1,1
1414,Upper Twin2,1338.220581,45.246634,-121.677147,47310.27219,1.2,1,1
1415,Dennis,1918.505005,43.863453,-121.963371,35186.71017,12.8,1,1
1416,Harty,1397.294678,45.97428,-121.78713,10334.00868,4.6,1,1
1417,Muskrat,1479.481567,43.8629,-121.901703,24865.28803,7.3,2,2
1418,Rock Rim,1841.18457,43.846233,-121.966148,15262.87126,3.7,1,1
1419,North Barbie,1725.58252,43.820625,-121.950678,4574.643677,4.6,1,1
142,K4 Pond,1183.318115,50.77438167,-115.9247542,34339.61538,0.5,3,2
1420,Forlorn2,1129.301025,45.95555,-121.755402,13089.46712,2.7,1,1
1421,Sundew,1662.688843,43.810955,-121.943924,11357.39733,2.7,1,1
1422,Laurance,886.634033,45.460014,-121.664509,413480.4342,32,11,2
1423,Scout,1224.39563,45.569561,-121.795074,9918.070409,2.1,1,1
1424,Horseshoe2,1620.739868,44.778454,-121.785347,62914.38081,8.1,1,1
1425,Jezebel,1784.059448,43.844986,-121.957299,13861.42069,1.2,1,1
1426,Phantom,1638.583374,43.815952,-121.934479,11073.14002,2,1,1
1427,Lost2,958.416931,45.489841,-121.822578,1022259.787,53.4,1,1
1428,North Teddy,1503.304077,43.85984,-121.879753,129229.1547,8.5,1,1
1429,Brahma,1725.140503,43.838177,-121.948647,44044.12439,3.7,1,1
143,K16 Pond,1212.264893,50.87163808,-116.0540827,26986.42816,2,2,1
1430,Bear2,1189.652222,45.649841,-121.733963,13650.36122,3.1,1,1
1431,Ivanhoe,1417.446777,47.534275,-121.238707,76897.9015,15.6,1,1
1432,Rampart3,1547.948608,47.415953,-121.34069,27459.3044,10.7,1,1
1433,Rampart2,1548.133667,47.41956,-121.33923,16564.16641,2,1,1
1434,Moonshine,1664.443604,47.497897,-121.083144,8937.580955,2.4,1,1
1435,Michael,1558.001343,47.470118,-121.080093,69662.74413,15.2,1,1
1436,Rachel,1419.956787,47.420945,-121.330925,105896.3526,39,1,1
1437,Rampart1,1548.66748,47.417935,-121.338973,5518.781239,9.8,1,1
1438,LIZ3,1589.779175,46.775202,-121.718327,129.5182,0.5,6,1
1439,LIZ4,1605.485352,46.77616,-121.720538,247.251892,0.7,6,1
144,Nixon Pond,1162.792358,50.73887748,-115.932682,28423.08825,1,5,2
1440,LO22,1527.575195,46.76607,-121.48458,587.671193,1.2,1,1
1441,UK13,1724.387817,46.920945,-121.592075,301.572739,0.8,1,1
1442,WILL112,1645.59082,43.800104,-122.004374,4519.511664,0.8,1,1
145,K20 Pond,1180.589355,50.83494383,-116.03615,5154.550005,3.8,3,2
146,Cobb Lake,1255.33728,50.66073489,-115.8762605,23153.91127,8,12,4
147,Kaufmann Lake,2046.067017,51.27042315,-116.2372472,109836.9562,10,2,1
148,Larix Lake,2183.737793,51.05536786,-115.7862873,76897.3821,10,2,2
149,Olive Lake,1473.33606,50.67392933,-115.9347784,17456.73661,3.5,13,4
15,Placid,514.47467,49.32279,-122.56727,19070.66862,6.7,1,1
150,Grizzly Lake,2168.986572,51.05814933,-115.7943626,38057.19544,3,2,2
151,White Swan,1141.255371,50.14164,-115.47924,4099210.299,19.5,1,1
152,Floe Lake,2019.341431,51.05268724,-116.1422259,504436.879,61,10,3
153,Dog Lake,1183.203125,50.78069765,-115.9289642,154791.0023,4.7,7,3
154,Talc Lake,2174.159424,51.08200433,-115.8959657,82420.98513,27,2,1
155,Rock Isle Lake,2251.289307,51.06255611,-115.7831167,61816.30032,12.5,2,2
156,Kootenay Pond,1173.253174,50.89245732,-116.0420301,24757.69985,6,8,5
157,Windermere,794.019348,50.47494,-116.00711,16278443.55,6.4,1,1
158,Columbia,806.651733,50.18126,-115.83564,23493074.8,5.2,1,1
159,LE4,1038.424927,51.39721,-121.91702,63320.30741,15.5,3,2
16,Katherine,512.266479,49.34666,-122.5528,179767.7389,29,1,1
160,LE3,1037.753174,51.39464,-121.92723,14661.88569,1.5,3,2
161,White,1034.432617,51.39801,-121.88244,1253830.066,15,8,5
162,Long2,1034,51.39779,-121.95866,409875.9065,15.4,3,2
163,Meadow,1069.861206,51.36657,-121.7684,4376371.891,8.8,3,2
164,Rush,971.33313,51.94002,-122.11953,165287.6936,3.7,3,2
165,East,949.825806,51.99013,-122.43177,106159.48,3.8,3,2
166,Rock,940.302551,51.97242,-122.41591,263339.5142,4.3,3,2
167,Westwick,900.924988,51.98933,-122.15598,497312.0841,2.7,3,2
168,Barnes,969.699097,52.00853,-122.46255,193588.5686,6.1,3,2
169,Boitano,969.247803,51.9498,-122.13015,738085.4121,6.2,3,2
170,Lye,970.237915,52.01333,-122.49209,479688.554,9.1,3,2
171,Roundup,981.031372,52.03405,-122.51132,247879.0212,3.8,3,2
173,Alleyne,994.6698,49.91827,-120.56672,454051.8395,36,1,1
174,Kentucky,997.463989,49.89942,-120.56357,369526.6208,40,1,1
175,Peterhope,1090.118164,50.29559,-120.31663,1076062.003,32.9,1,1
176,Nicola,623.170044,50.1773,-120.51514,25086785.62,54.9,1,1
177,Stake,1319.495361,50.51261,-120.47893,235438.1837,9,1,1
178,Walloper,1305.056641,50.48245,-120.53392,389390.3813,7.8,1,1
179,Goodenough,1084.660278,51.33068,-121.64308,194215.686,6.1,3,2
180,Three Mile Lake,917.092285,51.05786,-121.56244,126419.6945,2,3,2
183,Jacko,890.465576,50.60976,-120.42148,327759.3347,22.9,1,1
184,Pillar,887.644653,50.59646,-119.64267,395382.1742,16,1,1
185,Round,422.074341,50.42688,-119.32918,352267.2532,37.8,1,1
186,McConnel,1293.161255,50.52266,-120.45894,320789.6474,24.2,1,1
187,Ness,776.681458,54.02343,-123.13066,3468826.134,6.7,1,1
188,Cobb,769.463562,53.95271,-123.53755,2231277.728,10.4,1,1
189,Heffley,943.190063,50.8318,-120.05411,1939347.053,23.5,1,1
190,Paul,766.59314,50.73976,-120.11514,2680938.135,56,1,1
191,Lyons,687.093933,50.89756,-120.18764,511305.0164,12,1,1
192,Pemberton,1227.790283,50.78036,-119.95961,72913.28531,13.1,1,1
193,Hyas,1233.142944,50.7977,-119.96652,578409.5471,21.9,1,1
194,Pinantan,862.015076,50.72398,-120.02406,631607.8654,18.9,1,1
195,Knouff,1159.728394,50.99063,-120.12227,313301.3355,24.1,1,1
196,Dragon,597.217468,52.94948,-122.42428,5409801.592,8.5,1,1
197,Moor Head,912.179871,52.59492,-121.74708,2032215.997,16.8,1,1
199,Meadow Creek Beaver Pond,1167.477295,50.75571395,-115.9526436,33094.95613,2,2,1
2,Skidegate,39.708107,53.09703,-131.91766,7154188.073,19.8,1,1
205,Crystal Lake,2198.010986,51.42915145,-116.7056828,12918.18236,2,2,2
206,Ottertail Lake,1128.533691,51.29740622,-116.5855274,54557.59592,1.5,1,1
207,Otto Lake,2046.018188,51.47439289,-116.7181057,14427.61089,6.4,2,2
208,Schaffer Lake,2165.727051,51.34829022,-116.3496512,12571.39342,2.5,6,4
209,Summit Lake,1630.018921,51.45061399,-116.2913385,27752.58428,1.2,4,3
211,Celeste Lake,1978.448608,51.51846224,-116.5148196,21257.18614,5.7,4,4
212,Hungabee Lake (mid Opabin),2235.504883,51.34339722,-116.319354,24407.64163,2.7,15,8
213,Cascade Lake (lower Opabin),2215.632568,51.34439945,-116.3247234,2702.834795,1.5,1,1
214,Morning Glory (upper),2006.82251,51.36312096,-116.3699095,28085.47212,7,1,1
215,Morning Glory (middle),1987.427612,51.36420586,-116.3643357,12151.66473,2.5,1,1
216,OHara Lake,2017.449585,51.35578286,-116.3308895,307165.2392,38.1,11,8
217,Opabin Pond (Lake 11),2231.935059,51.344208,-116.321401,13302.22556,1.4,1,1
218,Ross Lake,1732.430542,51.43753702,-116.3028924,67016.11158,21.5,5,3
219,McArthur Lake,2263.488525,51.33320089,-116.3399027,786194.6769,84.4,2,2
220,Sherbrooke Lake,1801.69812,51.45737106,-116.3878422,361380.7657,12,3,3
221,Hidden Lake,1685.526978,51.48362276,-116.4840965,10870.29493,8,1,1
222,Hamilton Lake,2152.618652,51.45554883,-116.5781958,44516.01622,12.2,3,3
223,Fairy Lake,2224.321289,51.54798387,-116.4775281,125401.5008,21,2,2
224,Mary Lake,2039.067871,51.35074748,-116.3340789,53611.82533,3.5,2,2
225,Amiskwi Lake,2074.602783,51.59232445,-116.6439847,73299.16516,9.8,3,3
226,Emerald Lake,1297.156372,51.44290265,-116.5322109,1068083.061,28,6,5
227,Indigo Lake (aka Frigid),2271.691895,51.55118091,-116.7065403,45066.16063,43,2,2
228,Victoria Lake,2223.712402,51.35830299,-116.3141925,2078.436018,4.5,1,1
229,Yoho Lake,1800.602051,51.47448149,-116.4848764,33034.85501,12,1,1
23,Nimpkish,21.786713,50.38561,-126.96587,38142813.06,320,16,2
231,Narao Lake (north),1716.319702,51.42506175,-116.3475983,36652.98192,2,2,1
232,Kiwetinok Lake,2453.937012,51.51926212,-116.600567,70192.73596,15,2,2
233,Linda Lake,2078.438232,51.37037283,-116.3740624,54186.12957,12,1,1
234,Sink Lake,1618.138672,51.45019664,-116.3087871,50330.28411,2,7,5
235,Little Gem Lake,1884.624512,51.40562104,-116.7285926,90233.70627,20.7,3,3
236,Opabin Lake (upper),2275.862305,51.34079116,-116.3119414,22648.00347,12.3,14,9
237,Oesa Lake,2265.879395,51.35469396,-116.3029872,167121.3669,35.4,31,9
238,Duchesnay Lake,1588.911621,51.52347808,-116.5015774,60193.04552,1,4,3
239,Wapta Lake,1588.141724,51.43950678,-116.3499248,252647.9169,8.2,8,6
24,Woss,145,50.1287,-126.60279,14036065.74,153.6,5,1
241,Hidden Pond,1688.899292,51.48593937,-116.4853954,1786.10871,1,1,1
242,Narao Lake (south),1716.834595,51.42169958,-116.3477469,11729.60404,6.3,3,2
243,Opabin Pond (lower),2206.141357,51.348382,-116.326036,3597.636255,1.2,1,1
244,Sleeping Poets Pool,2404.123291,51.34990402,-116.318755,1167.620611,0.5,1,1
246,Gillespie,1339.68335,64.73072,-133.98907,751438.771,22.3,1,1
247,Margaret,485.812866,65.34793,-134.49777,3826132.847,26,1,1
248,Pinguicula,849.900574,64.68906,-133.411,1186421.087,12.2,1,1
249,Bonnet Plume,1084.862549,64.31696,-131.97189,4075370.564,22.9,1,1
25,Mohun,203.370926,50.10603,-125.4972,6290058.714,43,51,2
250,YUK18,1171.953735,64.57975,-138.29425,179302.2854,7.5,1,1
251,YUK20 (Two Moose),1077.695557,64.73479,-138.3657,131776.6967,1.9,1,1
252,YUK19 (North Fork),1120.971558,64.65024,-138.39243,220951.0089,3.8,2,2
253,Hungry,382.937714,65.65382,-136.04669,6878283.461,4,1,1
254,YUK21 (Chapman),980.661255,64.85,-138.35,1375570.519,3.8,2,2
255,Elliot,998.177063,64.48653,-135.5733,1219020.885,22,1,1
256,Frances,683.89032,61.44979,-129.39696,93045939.18,18,1,1
257,Finlayson,948.839355,61.69593,-130.66287,19930581.56,11.3,1,1
258,Watson,676.685303,60.10718,-128.81064,14229810.83,19.8,1,1
259,Davis N,370.855621,66.17637,-136.41546,924731.9637,23,1,1
26,Kennedy,3.981292,49.05218,-125.53424,65314704.98,150,53,3
260,Davis S,357.800079,66.14741,-136.3978,1696003.821,27,1,1
261,YUK59,1374.240356,64.48753,-138.28359,40358.75885,15.5,1,1
262,YUK17 (Lenore),610.901306,63.85285,-138.02763,177542.5442,4,1,1
263,YUK14,690.747009,63.98657,-135.36648,228440.6942,16.5,1,1
264,YUK11,736.925232,63.1544,-136.50345,62279.48802,5,1,1
265,YUK13,686.850769,63.97926,-135.40009,98934.32219,10.1,1,1
266,McQuesten,624.916138,64.12214,-135.31949,12782261.79,8,1,1
267,Hanson N,666.773743,64.02632,-135.35719,1731659.702,3.6,1,1
268,Hanson S,667.718689,63.99383,-135.36839,2320731.28,33,1,1
269,YUK16 (Barlow),593.69104,63.75,-137.71667,750045.2428,5,3,2
27,Comox,136.469223,49.61876,-125.16576,21175011.19,19,1,1
270,Reid,525.357239,63.41845,-137.19492,14961350.24,15.5,1,1
271,Janet,536.88739,63.68093,-135.52481,16313966.83,103,1,1
272,Halfway,684.827209,63.80285,-135.82009,817877.6492,4.7,1,1
273,Minto,681.854553,63.68371,-136.17377,4238195.961,33,4,2
274,YUK15,582.298523,63.65424,-135.86301,239471.5976,3,1,1
275,Mayo,559.899292,63.75798,-135.03826,98633720.85,188.1,1,1
276,YUK12 (Five Mile),560.156006,63.65275,-135.89584,170574.8934,9.2,1,1
277,Ethel,685.879272,63.36637,-136.07672,46066913.83,45,1,1
278,Ladue,670.872925,64.00927,-135.24888,2541243.878,24,1,1
279,Kathleen Lakes (Main),714.74353,64.23781,-134.20462,2620271.608,60,1,1
28,Elsie,332.130127,49.45447,-125.12075,6451244.887,20.7,1,1
280,Clark,653.948792,64.13887,-134.91067,1208762.981,23,1,1
281,Kluane,588.782349,61.27611,-138.75116,399869036.3,82,2,2
282,Jackfish,796.766602,61.93636,-132.5238,1211243.856,17,1,1
283,YUK60,614.292297,62.74665,-136.57667,83256.41014,1.1,1,1
284,YUK10,703.229858,63.02118,-136.47563,846388.9219,8,1,1
285,Diamain,563.627869,62.91792,-136.30339,18814337.23,25,4,2
286,Willow,810.318542,63.18705,-136.77921,1599433.547,1.8,1,1
287,Tatlmain,519.926025,62.61888,-135.90643,32482127.67,40,1,1
288,Dragon,844.069275,62.61719,-131.54449,6694891.165,10,1,1
289,Bruce,828.868286,61.81343,-132.10721,2358068.621,35,1,1
29,Henderson,2.608858,49.09736,-125.05161,15494477.95,250,31,3
290,YUK8,701.617981,62.17586,-136.24604,221460.9657,5.5,1,1
291,Little Salmon,517.774536,62.18728,-134.70886,63027541.99,96,1,1
292,Moraine,882.28009,60.9454,-136.76065,4070458.408,32,1,1
293,Frenchman,553.09314,62.18412,-135.88244,14562700.22,39,1,1
294,YUK6 (Little Fox),809.59668,61.34083,-135.65298,2252045.922,49,1,1
295,Von Wilczek,547.109436,62.68727,-136.72887,2867737.363,3.7,1,1
296,YUK9 (Tthe Ndu),601.557068,62.71667,-136.68333,2970321.192,3,1,1
297,YUK7 (Twin),606.923767,61.7,-135.93333,1721146.6,27,1,1
298,Tatchum,491.709564,62.28866,-136.11989,6544238.312,53,2,2
299,Braeburn,668.851318,61.45259,-135.80942,5651973.046,36.5,1,1
3,Mathers,35.568012,52.97883,-131.83873,1799110.413,91,1,1
30,Deep (aka Oshinow),411.143799,49.45112,-125.32987,2716567.058,81,1,1
300,Quiet,723.898193,61.05511,-133.06165,54545821.34,100,1,1
301,Squanga,760.840881,60.47417,-133.6353,11383738.58,40,1,1
302,Summit,840.927307,60.43922,-133.65397,1585958.161,13,1,1
303,Dalayee,916.887756,60.34094,-133.64066,11329268.48,46,1,1
304,Dwarf,888.898926,60.24309,-133.37053,671779.3827,18,1,1
305,Teenah,865.891296,60.29897,-133.41893,2518398.121,19.2,2,2
306,Little Teslin,770.702698,60.48361,-133.39866,3041226.212,20,3,2
307,Swan2,838.338806,59.88333,-131.4,8921698.571,65,3,1
309,Wolf,980.70813,60.64166,-131.6668,73130943.14,66,1,1
31,Nahmint,103.394806,49.16253,-125.02972,7308986.293,134.1,1,1
310,Jo-Jo,861.846924,60.57649,-136.33419,7438036.157,52,1,1
311,Taye,705.087769,60.93087,-136.35713,8248496.469,3,1,1
312,Kusawa,513.833374,60.33786,-136.37686,137454865,16.8,1,1
313,YUK2 (Chadden),660.890686,60.67424,-134.9811,554158.1586,10.5,1,1
314,YUK3,639.959717,60.74164,-135.04414,145084.766,17.5,1,1
316,YUK1 (Chadburn),657.889099,60.64711,-134.95289,1765613.818,32,2,2
317,Fox,745.805237,61.23267,-135.45945,16078373.86,75,3,1
318,Marsh,639.794495,60.49775,-134.33615,95477297.49,53,1,1
319,YUK5 (Louise),1006.869873,60.7,-135.28333,542786.1145,12,1,1
32,Sproat,28.706917,49.26671,-125.03689,42378540.78,195,4,2
320,McClintock,802.893188,60.58885,-133.92209,1782061.004,22,1,1
321,YUK4 (Fish_stn5),1076.849609,60.61667,-135.23333,13941132.44,7,2,2
322,Nares,639.838562,60.16257,-134.65894,4988237.013,15,1,1
323,Neskataheen,737.895203,60.17638,-137.07705,715677.8536,12.3,1,1
324,Onion,831.558228,60.09417,-137.42569,2002376.783,28,1,1
325,Klukshu,705.589478,60.31461,-137.01593,1365994.728,5.5,1,1
327,Mush,657.181152,60.30258,-137.44918,17760785.29,34.3,1,1
328,Bates,643.251526,60.25472,-137.59161,19578911.64,31.2,1,1
329,Kloo,837.054199,60.95755,-137.85658,12310398.16,12,1,1
33,Great Central,83.2286,49.37013,-125.20496,53012453.55,200,154,4
331,Dezadeash,622.899048,60.46022,-137.00303,78151109.16,7.6,2,2
333,Pine,649.812073,60.81842,-137.44333,6199337.29,27,3,1
334,Aishihik,915.583984,61.46813,-137.22473,148225234.4,120,1,1
335,Sockeye,732.868958,60.50389,-137.62804,1782838.535,25.1,1,1
336,Kathleen Lake (Upper),707.916138,60.53317,-137.48112,5022073.536,110,1,1
337,Kathleen Lake (Lower),627.901428,60.57295,-137.29269,34050672.46,360,1,1
338,Frederick,699.655151,60.39097,-136.66607,4671337.304,24.5,1,1
339,Indian Springs Lake (W46),1355.354004,49.12749499,-113.873222,65472.71856,1.5,5,3
340,Buffalo Creek Pond,1335.147217,49.12788797,-113.854915,8504.069001,2,10,5
342,Rowe Lake (middle),2163.381592,49.05244951,-114.055998,14928.63258,12,2,2
343,Carthew Pond,2150.216553,49.02849656,-113.9883549,5988.410024,0.5,1,1
344,Waterton Lake (upper),1273.96228,49.0230211,-113.9025625,9293147.022,135.3,6,6
345,Knights Lake,1279.515625,49.08995206,-113.8536415,1477033.08,4,6,6
346,Lineham Lake (south),2160.404785,49.07199813,-114.0738772,51825.06985,17,1,1
347,Maskinonge Lake,1277.246582,49.10776477,-113.8362456,537410.5687,2,8,3
348,Lineham Lake (north),2166.262207,49.07736566,-114.0740821,197891.092,29,1,1
349,Pond (near park entrance buildings),1278.645142,49.1136216,-113.8442686,55073.20873,2,2,1
350,Buffalo Paddock Pond (W45D),1338.269043,49.12228946,-113.8589936,5535.502399,2.5,2,1
351,Twin Lake (upper),1960.462402,49.13415892,-114.157435,70047.0691,13,4,3
352,Buffalo Paddock Lake,1346.313354,49.12736025,-113.8609442,27256.27392,3.5,1,1
353,Twin Lake (lower),1942.847778,49.13224047,-114.1518959,32258.48616,8,4,3
354,Beaver Pond D (W64),1323.245728,49.12458476,-113.8527923,2242.794797,1.5,2,1
355,Beaver Pond B (W31),1523.414673,49.06055268,-113.7460027,16179.14304,3,2,1
356,Carthew Lake (lower),2151.106445,49.0279015,-113.9908231,58939.92207,11,2,2
357,Buffalo Paddock Pond (W45B),1347.368164,49.12614722,-113.8623275,2704.55908,1,2,1
358,Allison Lake,1288.487549,49.12269046,-113.8142871,77213.19537,2.4,7,3
359,Lost Lake,1894.716431,49.14716372,-114.1452523,14474.89798,12,6,5
360,Carthew Lake (upper),2200.635742,49.02521822,-113.995738,31527.22093,13,2,2
361,Buffalo Paddock Pond (W45C),1348.348511,49.12484491,-113.8644048,6632.496736,1.5,2,1
362,Beaver Pond A (W33),1529.297363,49.05564483,-113.7416663,2418.495854,1.5,1,1
363,Indian Springs Pond (W49),1354.290649,49.12435113,-113.878414,23910.40186,0.5,2,1
364,Pecks Basin,1953.647217,49.12102701,-114.147412,9811.201719,1.5,2,2
365,Indian Springs Pond (W48C),1364.575439,49.12963476,-113.8786789,2475.23464,1.5,3,2
366,Lineham Lake (main),2111.020752,49.07191565,-114.061475,114299.4333,23,1,1
367,Indian Springs Pond (W48A),1359.036987,49.12757982,-113.8784639,12885.30999,2,4,2
368,Buffalo Lake,1343.962891,49.12918618,-113.8584308,58154.55866,3.6,3,2
370,Loon Lake,1325.14917,49.04497039,-113.8937947,13604.0631,1,1,1
371,Summit Lake,1945.635986,49.0070112,-114.0251727,18778.92256,2,3,3
372,Cameron Lake,1658.102051,49.00806642,-114.049345,1410060.356,39,6,4
373,Lonesome Lake,1302.524536,49.07392402,-113.8912595,156913.6519,2.6,5,3
374,Bertha Lake,1769.703003,49.02315026,-113.9438177,302543.6849,18.1,3,3
375,Crypt Lake,1930.553467,49.00141124,-113.8405757,148326.9557,44,2,2
376,Lone Lake,2022.138306,49.08861595,-114.1313528,25345.65702,13,1,1
377,Alderson Lake,1859.651611,49.0294369,-113.9750022,117454.4597,60,3,3
378,Rowe Lake (lower),1960.827271,49.05337345,-114.0502761,17636.86495,8,3,3
379,Linnet Lake,1286.235107,49.06174054,-113.9048733,40592.54166,3.2,25,6
38,Hobiton,10.441327,48.75607,-124.79988,3659066.691,95,26,3
380,Rowe Lake (upper),2182.032227,49.05056398,-114.0593126,69261.91978,3,3,3
381,Indian Springs North Pond (W47),1358.264404,49.13177628,-113.8736341,22968.48236,4,4,2
382,Goat Lake,2002.671997,49.1629509,-114.0912916,24935.95443,3.4,3,3
383,Giants Mirror,1371.749634,49.05220571,-113.6868738,3360.6864,5,3,1
384,Akamina Lake,1666.312012,49.02332466,-114.0402063,36530.9306,5,2,1
385,Crandell Lake,1532.551392,49.08681008,-113.9674315,60883.11414,15.5,6,4
386,Kesler Lake,1519.47876,49.18313645,-113.9371776,105854.3878,2,1,1
387,Ruby Lake,2032.064453,49.09238934,-114.0197412,19651.65799,4.2,1,1
388,Beaver Pond C (W63),1313.899536,49.12139833,-113.8492235,2319.497381,2,2,1
389,Beaver Pond E (W65),1331.654419,49.12690689,-113.8538441,449.457003,1.2,2,1
39,Heydon,33.649662,50.53988,-125.67184,8125772.629,112.9,1,1
390,Bellevue Terrace (north pond),1363.360962,49.10538822,-113.8757813,6047.529998,2.5,1,1
391,Bellevue Terrace (south pond),1363.369019,49.10413924,-113.8778741,14207.43818,2.5,1,1
392,Indian Springs Pond (W48B),1362.905762,49.12870803,-113.8786801,2613.796999,1,4,2
393,Indian Springs Pond (W48D),1364.32605,49.13019367,-113.8779161,1066.693097,0.8,1,1
394,Indian Springs Pond (W48E),1364.117798,49.13153952,-113.8762666,293.5986,0.6,1,1
395,Indian Springs Pond (W50B),1358.397827,49.12569017,-113.8806301,1984.632737,1,1,1
396,Temporary Pond (W60),1297.880615,49.0684806,-113.8898343,718.249353,1.6,5,3
397,Waterton Lake (lower),1278.599365,49.05250448,-113.8807625,4352878.483,27.4,7,7
398,Twintree Lake,1559.6604,53.38217457,-119.0947652,3371362.357,51,1,1
4,Mosquito,57.450172,53.06281,-132.11806,6038662.773,62,1,1
40,Fulmore,32.137665,50.58277,-125.95347,8781098.822,23,1,1
400,Hidden Lake,1271.74353,52.87810479,-118.1607927,25333.17012,6,1,1
401,Summit Lake (north),1544.629272,52.89379611,-117.7658784,90143.9153,3,1,1
402,Trefoil Lake (2),1037.486328,52.89148954,-118.0509312,16983.50014,17,2,2
403,Honeymoon Lake (little),1396.102295,52.56027567,-117.6848968,8115.899966,4,5,3
404,OBeirne Lake 3,2097.757568,52.91386284,-118.6108965,76113.87759,23.5,2,1
405,Amber (4),2216.905273,52.81481688,-117.8876286,12226.14188,8.5,1,1
406,Henry Pond (west),2137.658203,52.93837386,-118.2773128,10660.05253,3.5,1,1
407,Leach Pond (1),1229.062378,52.68246266,-117.8998097,41275.79352,1.5,1,1
409,Dolly Lake,1593.676758,53.30578882,-118.6138613,62445.44233,5.5,2,1
41,Phillips,11.549212,50.59636,-125.34114,2959008.46,67.7,1,1
410,Kidney Lake,1400.78833,53.35358822,-118.3490727,614203.5041,12,4,1
411,Caribou Lake (lower),1800.873413,53.41679575,-118.940275,409569.3694,18,2,1
412,Sassenach Lake 2,1881.559448,53.22837699,-118.3768035,55622.46915,16,2,1
413,Caribou Lake (upper),1799.881836,53.40834359,-118.9590434,390625.1826,29,2,1
414,Topaz Lake,1800.85144,53.3889607,-118.8504457,1115394.182,28,4,1
415,Princess Lake,1269.758423,53.18908789,-118.0690599,325535.0016,4.5,1,1
416,Celestine Lake,1279.838745,53.18702042,-118.0467835,409128.2669,14,7,4
417,Caribou Lake,2218.573242,52.73997701,-117.7974698,24076.73238,9,1,1
418,High Lake One,1459.172852,52.88915966,-118.2070613,16443.93464,2.4,1,1
419,Talus Lake,2196.455078,52.65603916,-117.7002893,22122.56657,10,1,1
42,Sakinaw,5.514704,49.68085,-124.00899,6784347.78,140,1,1
420,Henry Pond (east),2147.493408,52.93646608,-118.2691024,19821.34945,4.5,1,1
421,Geraldine Lake 2,1706.275391,52.60705757,-117.9316824,1666.573013,4,1,1
422,Rocky (1),2123.646973,52.70479359,-117.4545709,38724.10515,5,1,1
423,Twin Lake (south),1040,52.86785952,-118.0705199,11637.81483,11.5,3,2
424,Ultramaligne Lake,2291.726074,52.59810465,-117.4959425,298277.0372,30,1,1
426,Moab Lake,1240.739014,52.66110362,-117.9558381,213436.6408,18,16,8
427,Branchinecta Pond,2281.239746,52.4836913,-117.4278434,4312.119163,2.5,1,1
428,Geraldine Lake (lower),1623.516479,52.61569196,-117.9289264,124711.4056,6,NA,2
429,Catacombs Lake,2097.233887,52.43642624,-117.7844467,142069.3916,15,1,1
43,Simpson,12.032981,53.61878,-129.54965,8902284.35,120.8,NA,1
430,Ouzel Lake (upper),2346.964844,52.50957246,-117.4776617,16009.02189,6,1,1
431,Amber (2),2271.516846,52.81355983,-117.8922174,17461.09657,2.2,1,1
432,Cairngorm Lake (north),2395.910645,52.93690655,-118.2140738,48801.67106,10,2,2
433,Mile 16 1/2 Lake,1182.720093,52.70923369,-117.910633,76870.08204,6,NA,3
434,Eagle Lake,2073.254639,53.13889343,-118.6286035,85498.53947,29,1,1
435,Lily Pond,1342.476074,52.87859579,-118.2263981,12428.65268,4,1,1
436,High Lake Three,1480.475098,52.89581677,-118.2198229,16362.58549,1,1,1
437,High Lake Five,1574.693848,52.90351076,-118.2399332,8925.639056,2,1,1
438,Summit Lake (south),1542.524658,52.88642152,-117.7551071,139996.5593,3,1,1
439,High Lake Two,1456.682129,52.89105381,-118.2135056,19443.67206,1.5,1,1
44,Lowe,6.527141,53.58066,-129.5442,3904227.395,54,12,1
440,Pika Lake (north),2280.943359,52.48951463,-117.4502862,30037.66588,9,1,1
441,Kerr Lake (north),2141.791992,52.93998093,-118.2376125,55928.66756,11.3,1,1
442,Long Lake,1360.690063,52.44300589,-117.6562853,51263.18725,3,NA,1
443,High Lake Six,1539.242432,52.89867032,-118.2505736,20354.48113,1.2,1,1
444,Center Lake (south),2201.763184,52.82426323,-117.9116262,16071.49498,4.5,1,1
445,Lectern Lake,1512.309448,52.77146142,-118.0571545,19764.93841,14,NA,3
446,Outer Rink Lake,2021.186035,52.92271903,-118.5834669,96848.68703,18,1,1
447,Kerkeslin Lake,1757.513184,52.65452308,-117.7830671,129786.9038,4.5,NA,1
448,Moren Pond (1),2081.803223,53.01439633,-118.5450811,27936.8707,10,1,1
449,Cavell Lake (upper),2249.767334,52.68570074,-118.019502,18313.3009,6.2,2,2
45,Quatansta,3.11935,53.51241,-130.24745,2236164.789,27.6,1,1
450,Divergence Lake,1907.744995,52.49917269,-117.9718856,315559.8752,38,1,1
451,Fryatt Lake (upper),2044.761963,52.54901012,-117.9515867,109199.483,15,1,1
452,Chalet Pond,1986.187134,52.21895601,-117.2229523,12167.26848,0.9,NA,1
453,Medicine Tent (2),2134.069824,52.72897138,-117.1757149,241668.0374,4,1,1
454,Amber (1),2284.860596,52.8113951,-117.8883749,6663.339951,7,1,1
455,Geraldine Lake 5,2001.132324,52.57065521,-117.9487057,172023.6478,25,NA,1
456,Zengel Pond,2133.599609,52.97785946,-118.1652667,11842.90446,1.2,1,1
457,Trapper Pond (upper),2140.817383,52.66369849,-117.6755557,8563.395377,7,1,1
458,Pocahontas Pond,1040,53.20892857,-117.9180932,76231.08584,2,2,1
459,Geraldine Lake 4,1965.282349,52.57702038,-117.9487103,40201.49478,5.5,1,1
460,High Lake Four,1525.75,52.89817476,-118.2300283,15294.77548,2,1,1
461,Wabasso Lake,1114.310547,52.78777395,-117.9867421,49846.09915,2,1,1
462,Maligne Lake,1675.540405,52.68269068,-117.5795029,20517012.71,96,10,6
463,Ouzel Lake (lower),2316.450439,52.50764899,-117.470819,27919.671,9,1,1
464,Hostel Pond (Mile 54),1561.852295,52.346173,-117.340668,44491.00181,4,NA,1
465,Whitewater Lake,2305.675537,52.49607818,-117.4594711,319617.2787,14,1,1
466,Mitchell Lake,1798.172729,52.42384168,-117.4774257,215316.7835,14,NA,1
467,OBeirne Lake 2,2030.638794,52.91348678,-118.6041452,97311.22664,33,4,2
468,OBeirne Lake 4,2015.917847,52.90783559,-118.600531,60957.19083,32,2,1
469,Leach Pond (2),1202.951294,52.67273673,-117.8924812,20114.60325,1,1,1
47,Owikeno,4.575624,51.66975,-126.85939,93651569.15,366,NA,1
470,High Lake Seven,1501.89978,52.89483833,-118.2482186,30870.55095,7.5,1,1
471,Zengel Lake,2100.993408,52.97128775,-118.1879638,48579.13711,13,1,1
472,Cairngorm Lake (south),2422.401855,52.93019839,-118.2159838,24706.16461,14.3,2,2
473,Unnamed Pond (along Athabasca),1115.301147,52.8498188,-118.0531766,3215.877629,3,1,1
474,Twin Lake (north),1039.910645,52.87057352,-118.0716267,15209.44645,1.5,1,1
475,Geraldine Lake 3,1897.032349,52.59246954,-117.9426222,319117.0657,31,NA,2
476,Leach Lake,1241.747559,52.693118,-117.904428,80368.5037,11,NA,5
477,Moraine Pond,2042.762207,53.13737599,-118.619905,10290.46085,5,2,2
478,Prairie Leech Pond,1617.940552,52.91919486,-118.3617095,71860.79473,0.5,1,1
479,J436,1450.252808,52.9068324,-118.3260502,76492.40087,3,1,1
48,Long1,1.00E-06,51.2551,-127.0379,21343641.41,170,70,2
480,Edwards Lake,1276.175293,52.70395484,-117.8664775,12311.82773,10,NA,3
481,Trapper Lake (upper),2146.479248,52.65036844,-117.6922904,31253.03955,11.5,1,1
482,Lick Lake,2065.014404,52.43754033,-117.8791156,82331.39658,18,1,1
483,Halcyon Lake,2147.739014,52.6641725,-117.7290611,183992.1921,22,1,1
484,3rd of Five,1115.666504,52.81689317,-118.0070332,12975.96581,3.6,1,1
485,5th of Five,1121.619873,52.81347564,-118.0008114,74124.0065,13,2,2
486,Dragon Lake,1360.948975,52.47095788,-117.6641944,56637.397,12,1,1
487,Rink Lake,1800.927979,52.90317183,-118.5883151,149271.9318,5,4,2
488,Golden Lake,1472.801392,52.89767119,-118.3276734,50669.23599,10.3,6,4
489,Mina Lake,1241.460205,52.883022,-118.1206048,92322.65161,13.2,3,3
49,KitsumKalum,145.014923,54.75668,-128.79109,19069972.03,139.9,1,1
490,Tekarra Lake,2286.093506,52.84832734,-117.9519712,7168.367446,7,1,1
491,Beauvert Lake,1040.720215,52.88191195,-118.0613995,351925.1203,25,20,5
492,Dorothy Lake,1351.725586,52.88287048,-118.2285845,255485.1263,14.6,6,4
493,Nigel Lake (Wilcox),2478.271484,52.24724896,-117.1980324,226330.2918,7,1,1
494,Beryl Lake,2080.099121,52.64855359,-118.1303584,234983.9304,31,1,1
495,Iris Lake,1338.096802,52.87786795,-118.221132,53696.06574,13.2,3,3
496,Rathlin Lake,1301.380127,52.87542008,-118.1904092,26310.05078,4.3,1,1
497,Wolverine Lake,2281.223877,52.49373048,-117.2541806,15202.49774,2,1,1
498,Loc Gris,2151.563721,52.59753,-117.2184912,333537.4102,5.5,1,1
499,Mahood Lake,2037.120117,53.0234104,-118.5563474,459068.0992,28,1,1
5,Awun,15.94103,53.60275,-132.56531,4861129.186,88,1,1
50,Alastair,43.205719,54.10986,-129.18055,7172150.813,78.3,14,4
500,Henry Lake,1995.436768,52.94485662,-118.2646301,70944.39729,11.7,1,1
501,Kerr Lake (south),2162.224609,52.93595564,-118.2365305,27203.34167,7,1,1
502,Kerr Pond,2149.543945,52.94054723,-118.2332982,1593.22349,3,1,1
503,Cavell Meadows Pond,1853.981812,52.6796346,-118.0480872,71634.24779,12,1,1
504,Trefoil Pond (3),1041.929443,52.89194325,-118.0585527,4488.870701,5.5,1,1
505,Trefoil Lake (1),1034.433228,52.89383486,-118.0540947,53235.58217,10,2,2
506,Pika Lake (south),2278.705078,52.48770844,-117.4476905,24023.9991,10,1,1
507,Rosemarie Pond,1724.324829,52.74056467,-117.6379943,10674.38583,2.3,1,1
508,Amber (3),2237.832275,52.81494726,-117.8894266,2205.685455,5,1,1
509,Wolf Lake,2149.858887,52.68469447,-117.3935761,864101.4739,49,1,1
51,Khtada,105.598907,54.12696,-129.46474,7243388.993,158,1,1
510,Replica Pond,2249.822998,52.50799562,-117.4557646,32245.34073,7,1,1
511,Coronet Lake,2329.263184,52.55254211,-117.4293239,40804.10089,15,1,1
512,Palisades Pond,1019.990356,52.96340754,-118.0500987,3020.960823,1,3,1
513,Cold Sulfur Pond (south),1039.96228,53.04322687,-118.0843167,3758.233561,1.5,2,1
514,Phalarope Lake,2257.222412,52.48892702,-117.4391903,22520.27125,6,1,1
515,Medicine Tent (1),2171.364258,52.71950425,-117.1637144,398229.366,34,1,1
516,Edith Pond,1037.868286,52.91441756,-118.0227235,18949.36929,1.3,1,1
518,Whirlpool Lake,2072.177734,52.52091299,-118.2271128,185160.465,29,1,1
519,Porcupine Lake,2059.83374,53.02746233,-118.476969,190994.5013,27.5,1,1
52,Lakelse,73.827637,54.38142,-128.55916,13743969.4,31.7,1,1
520,Bench Lake,1354.074097,52.88043156,-118.2060461,17921.57673,5.8,2,2
521,Colfair Lake (upper),1552.749634,52.73453268,-117.862448,14664.86799,7.5,NA,1
522,OBeirne Lake 5,2015.059326,52.89589722,-118.604447,69488.44322,33,1,1
523,Cold Sulfur Pond (north),1039.810059,53.04734075,-118.076782,30780.29239,2.5,2,1
524,Colfair Lake (lower),1353.420166,52.73010706,-117.8713942,12350.4351,6,NA,1
525,Antler Lake (lower),2154.116943,52.75159298,-117.8145428,9283.942056,8,1,1
526,OBeirne Lake 1,2122.835449,52.92257501,-118.6048977,51998.13261,25,3,2
527,Trapper Lake (lower),2142.064697,52.64767929,-117.6893952,71481.16695,19,1,1
528,Miette Lake,1910.915039,53.01926363,-118.6289395,53006.88415,6.5,2,1
529,1st of Five,1100.720581,52.82214133,-118.0199025,130657.5536,22,2,2
53,Morice,758.548279,54.00345,-127.61504,97537364.26,236.2,NA,3
530,2nd of Five,1112.307495,52.81812746,-118.0109496,12345.54179,1.5,1,1
531,Edna Lake,1039.907104,53.07566125,-118.0370197,250072.2468,2,2,1
532,Cavell Lake (lower),1729.141235,52.69799196,-118.0613127,129063.6318,4.7,1,1
533,Mildred Lake,1042.07251,52.88986954,-118.0572091,75834.98307,3.5,3,1
534,Annette Lake,1020.83606,52.90159979,-118.0482766,271461.1472,23,25,7
535,Virl Lake,1309.616333,52.87796717,-118.2341372,37115.56713,6,6,4
536,Patricia Lake,1170.095703,52.90402446,-118.1012078,645303.9716,42,12,6
537,Surprise Lake (1),1679.708252,52.79503918,-117.623619,214433.1517,6.2,1,1
538,Moat Lake,1959.719482,52.72217899,-118.3252836,304325.8143,10.5,5,3
539,Ochre Pond,1020.933167,52.90331871,-118.0419396,9900.877284,0.5,1,1
54,Nanika,933.797852,53.7823,-127.65155,29598619.11,222,1,1
540,Riley Lake,1177.598267,52.89306243,-118.1198083,61302.03869,10.5,2,2
541,Christine Lake,1311.802612,52.88351631,-118.2476853,11132.5331,8,3,3
542,Saturday Night Lake,1412.984253,52.89368793,-118.1796121,111025.7217,8.3,1,1
543,Pyramid Lake,1179.687622,52.92351842,-118.0988761,1241870.576,19,24,7
544,Osprey Lake,1394.391113,52.55911447,-117.6694341,48952.08629,7.5,NA,3
545,Jacques Lake,1499.823975,52.92923574,-117.7500797,195148.4982,4.5,1,1
546,Minnow Lake,1423.453735,52.89046097,-118.2230913,64532.24275,3.3,1,1
547,Cutt Lake,1453.458252,52.90050265,-118.330124,59862.2398,7.5,2,2
548,Beacon Lake,2158.432861,52.5394758,-118.2708194,797381.9064,46,1,1
549,Harvey Lake,1636.868652,53.15656659,-118.451634,491050.6977,21,3,2
550,Horseshoe Lake,1257.810059,52.69869169,-117.8657814,80412.91002,23,22,4
551,Buck Lake,1402.90625,52.55173885,-117.6636878,208724.515,6,NA,3
552,Lorraine Lake,1777.266602,52.73025784,-117.6681577,35247.09398,8.2,1,1
553,Sunwapta Lake,1945.856201,52.21500243,-117.2356519,128174.8047,5,1,1
554,Honeymoon Lake,1399.961792,52.556354,-117.6774163,170187.5354,7,NA,4
555,Mona Lake,1774.234985,52.73705637,-117.6741418,105260.2797,11.5,1,1
556,Beaver Lake,1500.292725,52.86578314,-117.7244442,285112.0552,2,2,2
557,Cabin Lake,1218.781128,52.87837308,-118.1330267,348640.2233,20.5,6,4
558,Chalk Lake,2209.464111,52.52444233,-118.2489678,201538.9362,32,1,1
559,Edith Lake,1019.632507,52.91028149,-118.0414226,539066.7856,18,21,4
56,Wheeler,689.507996,59.6932,-129.1629,2441072.153,31,1,1
560,Amethyst Lake,1972.804321,52.69907543,-118.2767971,4567926.299,25,10,4
561,Hibernia Lake,1215.230835,52.8710393,-118.1431169,106020.7724,8.5,3,3
562,Caledonia Lake,1181.97644,52.86754855,-118.1637347,151641.856,11,5,3
563,Marjorie Lake,1162.927734,52.86745489,-118.1315834,94822.96668,8,6,3
564,Cairn Lake (upper),2199.256348,52.70479497,-117.1584497,123056.3701,27,1,1
565,Oreamnos Lake,2344.716797,52.51817411,-117.2185394,112968.6804,12,1,1
567,Southesk Lake (upper),2351.118408,52.61882276,-117.3293657,258522.9033,26,1,1
568,Lazuline Lake,2282.830322,52.49590079,-117.2524697,5958.511201,11,1,1
569,Southesk Lake,1849.297974,52.6421982,-117.1999592,1438044.296,25,1,1
570,Medicine Lake,1437.594482,52.85624415,-117.7590982,4202104.584,17.5,2,2
571,Moose Pond,1703.88501,52.73449792,-117.634366,5080.656484,0.5,1,1
572,Salt Like Pond (north),1037.669189,53.175075,-117.971789,4075.381916,2,2,1
573,Salt Like Pond (south),1038.014893,53.174118,-117.971596,2022.853672,2,2,1
58,Smart,800.66095,59.9402,-131.77489,1026570.948,6,1,1
59,Morley,790.874451,60.01715,-132.08665,11127088.3,34,1,1
6,Ian,36.305992,53.75882,-132.57,19221551.9,165,1,1
600,Nutcracker Pond,1878.283203,50.18849668,-114.3979582,4947.839048,0.8,1,1
604,Teardrop Pond,2028.496216,50.20173876,-114.4452664,3505.267761,1.5,1,1
605,Bear Lake,1789.675293,50.21831438,-114.4300948,20299.983,4,1,1
606,Plateau Pond,2157.567627,50.23113541,-114.5080338,6246.811256,5,1,1
61,Palmer,695.115784,59.44027,-133.57575,908131.9604,13.7,2,2
62,Atlin,648.932678,59.49779,-133.72403,592000943.4,283.5,1,1
63,Snafu,872.913025,60.18277,-133.43717,4748367.048,29,1,1
64,Little Atlin,644.832947,60.25963,-133.97006,36173857.76,14,1,1
65,Lower Snafu,767.862122,60.10145,-133.70996,3527595.74,37,3,1
66,Tarfu,762.754883,60.05552,-133.72026,4202543.361,33,1,1
664,Cuthead Lake,2210.081299,51.44938939,-115.7524387,33225.28743,4.3,11,7
665,Burstall Lake (Lower),1952.113403,50.78548432,-115.3259057,85548.87463,7.5,2,2
666,Vermilion Lake (3),1399.871582,51.17500447,-115.6305624,159607.2627,4,1,1
667,Pilot Pond,1446.250732,51.22831312,-115.8132091,30395.70602,7.5,2,2
668,Bourgeau Lake,2160.429688,51.13578495,-115.7901118,51483.2552,31,1,1
669,Pharoah Lake,2139.674805,51.11436033,-115.9103674,81722.1578,18,1,1
67,Trembleur,686.541321,54.85678,-125.09827,116171995.2,102.7,1,1
670,B327 (Lake),2514.417236,51.66774732,-116.0787909,61244.28928,22,1,1
671,B324,2420.807129,51.68038919,-116.0995942,14908.30577,28,1,1
672,B323,2468.391602,51.67544006,-116.1002853,388348.5613,28,1,1
673,B328,2440.657227,51.67018782,-116.0758347,19651.42428,5.6,1,1
676,Totem Lake,2189.649658,51.88888983,-116.6272464,14745.42704,4,1,1
677,Dolomite Lake (upper),2394.959961,51.69305328,-116.3844075,10686.79492,3,1,1
678,Mistaya Lake,1679.515991,51.79704901,-116.5960147,1256652.799,28,1,1
679,Waterfowl Lake (lower),1679.683716,51.84993908,-116.6355823,712200.6417,4.7,3,3
68,Stuart,678.83136,54.53674,-124.50733,359324339.2,96.6,1,1
681,Waterfowl Lake (upper),1679.900635,51.8321433,-116.6151619,505819.7748,4.7,1,1
682,B211,2483.773193,51.47884069,-115.9488366,26867.89095,7,1,1
683,Cirque Lake,1799.695801,51.80731168,-116.6327497,387138.6515,32,1,1
684,Norman Lake,1978.451538,52.09215022,-116.9023639,29207.5158,5,1,1
685,Warden Lake (upper),1439.910034,51.97757683,-116.6921442,68718.94903,2.2,1,1
686,Pinto Lake,1737.268555,52.12470494,-116.8649423,1072235.268,30.5,1,1
687,Peyto Lake,1860.717407,51.72502913,-116.5220224,1465103.531,40,2,2
688,Outram Lake,1479.817017,51.86500789,-116.8113477,90562.26862,11.5,1,1
689,Landslide Lake,2009.863525,52.08341957,-116.5546731,465397.7297,18.3,1,1
69,Takla,683.91217,55.39553,-125.85566,220494058.9,286.8,1,1
690,Glacier Lake,1449.451538,51.92119953,-116.8609007,2369795.59,38,1,1
691,Mt. Douglas Small Pond 1,2287.316406,51.51460116,-115.9427245,1078.209617,0.5,1,1
692,Lost Horse Lake,2348.60083,51.48280238,-115.6664978,24653.91611,7,1,1
693,B347,2478.686279,51.7272481,-116.0398347,94836.91271,43,1,1
694,B222,2360.801025,51.51351474,-115.8529808,5264.220669,4,1,1
696,Crescent Lake,2229.761719,51.49785825,-115.6643729,49129.81738,5.5,1,1
697,Anderson Pond,1859.176636,51.65144967,-115.9288467,19527.12316,18.5,1,1
698,B330,2399.451904,51.69466222,-116.0332611,89761.33501,14,1,1
699,B208,2345.60498,51.52168515,-115.9525493,2689.656574,2,1,1
7,Mercer,15.020399,53.56432,-132.87885,1142982.85,32,1,1
70,Maxan,787.810547,54.29742,-126.09147,6542060.313,25,1,1
700,Mt. Douglas Small Pond 2,2287.996094,51.5140129,-115.9423058,603.371426,0.5,1,1
701,Divide Pond (lower),2394.12085,51.74072916,-115.9161057,19223.64893,5.5,2,2
703,B216,2426.053223,51.51543188,-115.8934017,9258.080014,7,1,1
705,Toad Pond,2161.648682,51.59210509,-115.7937909,1228.856842,0.5,1,1
706,B243,2484.709229,51.54776415,-115.8602106,55114.40905,12,1,1
707,B246,2242.796387,51.58584403,-115.8986637,8005.820517,1.5,1,1
708,B245,2321.775391,51.57821357,-115.8819484,41344.05996,8,1,1
709,Grouse Pond,2302.578125,51.59693771,-115.8073645,1688.195088,0.9,2,2
71,Day,806.254395,54.38992,-126.26064,3167950.799,25.3,1,1
710,B220,2469.297119,51.50932381,-115.8584466,55084.89957,32,1,1
711,B221,2313.610107,51.5183341,-115.8566215,39779.54389,9.5,1,1
712,B207,2334.209473,51.52020035,-115.9524249,26240.24624,3.5,1,1
713,B217,2442.379883,51.51332672,-115.8894896,12044.12735,7,1,1
714,B247,2268.62793,51.58140025,-115.9013546,2431.296628,7.5,1,1
716,B251,1919.810181,51.55603687,-115.9548185,49921.33571,3.2,1,1
717,Mt. Douglas Large (B209),2304.601318,51.51419277,-115.9443048,11818.90434,0.9,2,2
718,Panther Lake,2456.026855,51.4647286,-115.8701841,138937.4437,3.5,1,1
719,Snowflake Lake,2353.46582,51.59860432,-115.8327036,58089.10106,13,34,7
72,Kathlyn,501.343719,54.82455,-127.20612,1320156.369,9.4,1,1
720,Skeleton Lake (AKA Horseshoe),1863.15564,51.61288537,-115.9310257,383160.9926,15,1,1
721,Wigmore Pond,2019.595459,51.48891166,-115.70449,35732.70042,1,5,3
722,Pipit Lake,2241.249023,51.61721449,-115.8625882,80634.95117,20.6,20,8
723,Harrison Lake,2256.991211,51.55436073,-115.810945,50614.31707,10.7,11,5
724,Grouse Lake,2287.637695,51.59815461,-115.7770843,17399.35814,9,15,7
725,Drummond Lake,2236.792725,51.58743626,-115.9875722,156808.8933,40,1,1
726,Picklejar (2),2162.937012,50.52034902,-114.7743782,29308.52307,6.4,1,1
727,Rae Lake,2186.213623,50.65554109,-114.9729073,39737.5971,3.5,1,1
728,Cougar Pond (North),2094.950439,50.66669853,-114.9546803,12793.08288,2,1,1
729,Elbow Lake,2089.312012,50.63914815,-115.0085048,54801.36822,8,1,1
73,Seymour,528.278625,54.74414,-127.15964,872507.3062,9.1,1,1
730,Chiniki Lake,1326.797852,51.09990498,-114.9271466,1539088.557,12,1,1
731,Bighorn Lake (little),2488.307861,51.44712708,-115.6513334,7592.895244,8,1,1
732,Gravel Pit,1476.670044,51.24459824,-115.5105658,2565.042424,5,1,1
733,Minnewanka Lake,1502.032104,51.25705575,-115.4587128,21888964.34,105,2,2
734,Cascade Lake,2358.951904,51.27303252,-115.5978015,27354.6776,10,1,1
735,Two Jack Lake,1486.560547,51.22657851,-115.4973555,355375.1554,16,3,3
736,Johnson Lake,1411.846069,51.19730334,-115.4866288,153558.8457,3.5,3,3
737,Bighorn Lake,2366.850586,51.46476053,-115.6481646,15304.4273,9.2,15,5
738,Goat Lake,2445.824463,51.44707864,-115.8592225,279667.2131,55.5,1,1
739,Hogarth (South),1896.911987,50.79302121,-115.3190525,29866.48567,6,1,1
74,Babine,706.64563,54.7967,-126.02721,466996578.8,207,NA,4
740,Three Lakes Valley Lower Lake,2300.434082,50.81980325,-115.27591,6646.655572,2.5,1,1
741,Three Lakes Valley Pond,2276.327637,50.81741185,-115.2814497,1998.487906,1,1,1
742,Owl Lake,1958.6698,50.86191725,-115.5325844,337867.3055,23.5,1,1
743,Marvel Lake,1800.017212,50.87772487,-115.5568785,1930755.465,67,1,1
744,Leman Lake,1952.552124,50.75092306,-115.4193292,466977.2879,29,1,1
745,Spray Lake,1695.604614,50.92912924,-115.3284665,18984005.76,55.4,1,1
746,Chester Lake,2206.068604,50.81182005,-115.2736915,50769.18786,13.2,1,1
747,Vermilion Lake (1),1399.901489,51.18063855,-115.5945833,238879.5436,3,1,1
748,Vermilion Lake (2),1399.777466,51.17923281,-115.6025952,299569.8726,2,1,1
749,Black Rock Lake,2219.073486,51.12096965,-115.9151702,46822.72648,23,1,1
75,Nilkitkwa,707.597229,55.37705,-126.66076,4589872.532,21,NA,3
750,Scarab Lake,2155.553711,51.09908825,-115.9168678,294600.1364,52,1,1
751,Mummy Lake,2267.400146,51.08923168,-115.9138996,163223.2172,24,1,1
752,Nameless Lake,2293.831055,51.61113482,-116.3716086,8386.876659,5.4,1,1
753,Altrude Lake (West),1641.400879,51.23042591,-116.0482919,6604.56492,6.1,1,1
754,Kingfisher Pond,1562.948364,51.41591816,-116.1662766,4992.029881,6.1,3,3
755,Plateau Pond A,2647.199707,51.38016173,-115.9712447,4063.209001,1,1,1
756,Altrude Lake (East),1639.845215,51.23349538,-116.0420551,22410.80652,7,2,2
757,Herbert Lake (little),1595.946411,51.45131834,-116.2169091,3524.655046,8.2,49,10
758,Consolation Lake (upper),1966.458008,51.30946596,-116.1495846,96207.4249,16.2,6,6
759,Herbert Pond,1602.092285,51.45710033,-116.2236902,3257.951105,5,5,5
76,Morrison,729.50769,55.23981,-126.37211,13272141.74,41.7,3,2
760,B320,2388.583496,51.6729386,-116.131095,223146.0867,6.5,1,1
763,Sentinel Lake,2436.499512,51.33472579,-116.2207633,14691.58933,6.7,11,10
764,Consolation Lake (lower),1963.577026,51.3157218,-116.1529271,128718.4561,11.3,6,3
765,Hector Lake,1789.797974,51.58660353,-116.3629113,5480620.929,87,1,1
766,Brachiopod Lake,2263.233887,51.47997817,-116.0264018,9330.667104,3,3,3
767,Kingfisher Lake,1537.886841,51.41040274,-116.1620345,14506.72825,7.2,12,7
768,Katherine Lake,2393.557617,51.68571661,-116.3913926,105920.4015,11,1,1
769,Rockbound Lake,2234.727051,51.3145975,-115.9319177,265038.845,16,3,2
77,Haul,807.535034,55.32213,-126.52332,3063470.133,29,1,1
770,Ptarmigan Lake,2348.28418,51.48398165,-116.0766658,258788.8152,21.3,5,5
771,Arnica Lake,2147.320801,51.22189839,-115.9984192,53389.80487,15.5,1,1
772,Copper Lake,1441.928101,51.26051639,-115.9229958,12514.28931,10.4,4,4
773,Louise Lake,1760.689941,51.41254799,-116.2268751,758540.0756,70.1,8,8
774,Lost Lake,1729.382813,51.47389373,-116.2750962,43892.13268,5.5,4,4
775,Bow Lake,1949.378296,51.67242934,-116.4598863,3092984.277,51,3,3
776,Taylor Lake,2080.617676,51.2955368,-116.0979065,256889.6191,43.9,4,4
777,Smith Lake,1571.378418,51.24966924,-115.9256851,37052.76988,9.7,2,2
778,OBrien Lake,2156.655762,51.28654735,-116.0832263,47075.20819,20.7,4,4
779,McNair Pond,1525.754395,51.40680925,-116.157485,11818.32354,3.5,4,4
78,Motase,985.9245,56.03667,-127.04712,4090166.591,32,1,1
780,Annette Lake,1954.236572,51.36724874,-116.2097823,45503.29225,11.7,4,4
782,Boom Lake,1920.544067,51.26323628,-116.0955577,860852.1677,13.2,6,6
783,Eiffel Lake,2278.856934,51.32117273,-116.2437963,72483.40301,10.6,12,11
784,Vista Lake,1595.854126,51.2390003,-116.0226731,63901.26498,6.5,4,4
785,Herbert Lake,1601.854614,51.45954082,-116.2228859,52910.96959,13.3,24,11
786,Agnes Lake,2160.373779,51.41462824,-116.2480793,52294.66787,20.5,5,5
787,Mud Lake,1619.224487,51.44098276,-116.1769856,58792.94675,7.2,7,5
788,Baker Lake (little),2239.951904,51.48507756,-116.0297641,29963.72618,5,3,3
789,Helen Lake,2386.079834,51.68581962,-116.413408,21768.12182,12,1,1
79,Canyon,652.400269,56.26236,-128.15377,2445588.178,104.2,1,1
790,Moraine Lake,1886.812866,51.32206974,-116.1845117,390366.2201,20.7,11,10
791,Turquoise Lake,2158.959961,51.57258799,-116.3904804,217046.7602,36.8,1,1
792,Tilted Lake,2220.279297,51.4844679,-116.0245635,36007.61253,12.2,3,3
793,Redoubt Lake,2387.406494,51.47286034,-116.0734779,173813.329,11,4,4
794,Temple Lake,2209.056641,51.36490387,-116.1812805,31076.13391,14,3,3
795,Baker Lake,2234.562988,51.49240496,-116.0405561,320835.8798,11.6,5,5
796,Island Lake,1563.273193,51.391864,-116.1135627,147203.4128,6.4,4,4
797,Hidden Lake,2306.790771,51.48527504,-116.1090162,101756.4124,32.3,5,5
798,Elk Lake (upper),1720.268799,50.55141159,-115.1120972,709621.8465,30,1,1
799,Galatea Lake (Upper),2216.378418,50.86289761,-115.2720755,61192.43657,10,1,1
8,Eden,28.097254,53.84232,-132.74852,5927495.064,42.6,1,1
80,Kitwanga,385.332153,55.37831,-128.12027,7805896.796,14.6,1,1
800,Galatea Lake (Lower),2187.082275,50.86553341,-115.2648581,73332.02899,18.6,1,1
801,Ribbon Lake,2117.625488,50.88629586,-115.2435988,47217.68203,16.2,1,1
802,Lawson Lake,2206.065674,50.67736826,-115.266103,136719.097,6.1,1,1
803,Evan-Thomas (Wedge Pond),1526.318848,50.87258438,-115.1496783,41401.80136,3,1,1
805,Cuthead Pond (south),2210.424316,51.45023,-115.75232,1744.457532,0.5,1,1
806,Cuthead Pond (north),2204.983887,51.45108603,-115.7530113,2168.462629,0.5,3,3
807,Snowflake Pond,2280.368896,51.60686545,-115.824347,1661.827157,0.5,13,6
808,Snowflake Gully Pond 1,2295.757568,51.604497,-115.819594,325.101863,1,1,1
809,Tadpole Pond,1786.346436,50.216821,-114.42996,420.466071,0.5,1,1
81,Stephens,517.280029,55.78052,-128.59194,2028305.227,17.7,NA,2
82,Swan1,521.948608,55.78332,-128.6596,17675294.27,64,NA,1
83,Johanson,1443.136353,56.58472,-126.17894,1465591.668,52.5,1,1
84,Sustut,1304.377319,56.57291,-126.45295,2562829.465,19.6,1,1
847,Big Bird,2975.245361,36.622291,-118.593256,267173.9404,30,1,1
848,Granite2,3076.693359,36.863073,-118.620484,200714.9315,17,1,1
85,Bear,781.516602,56.14662,-126.84139,18828530.49,75,6,3
850,Pear2,2908.179932,36.601206,-118.667395,70143.7912,27,1,1
851,Marion,3139.1604,36.974512,-118.517216,88021.28974,23,1,1
852,Upper Rae,3213.802734,36.800998,-118.398868,244378.5769,17.5,1,1
853,Mt Goddard,3737.900635,37.09829,-118.71623,65597.49488,13,1,1
854,Ladder,3199.652588,37.06906,-118.62,112825.7428,23.8,1,1
856,Lower Palisade,3230.024658,37.059314,-118.48556,90923.88295,10,1,1
857,Charles,1916.882935,47.691508,-120.916206,30085.82924,9.6,1,1
858,MR6,1692.927612,48.44417,-120.73077,7770.879325,2.1,3,1
859,MR12,1980.468506,48.40829,-120.71199,5935.494362,4,4,2
86,Damdochax,586.780457,56.50702,-128.09993,1479757.347,48.2,1,1
860,MR14,1716.741699,48.402523,-120.738225,62633.16843,10.4,8,4
861,MR13-1,1801.082153,48.4024,-120.74773,2583.685745,2,5,4
862,MR4,1680.047729,48.468286,-120.653893,33057.63946,4,4,3
863,Theseus,1542.981079,47.847896,-121.030651,116616.9526,24.3,1,1
864,Fish,588.380615,47.835125,-120.703986,2006764.034,13.7,1,1
865,MM11,1963.987061,48.40435,-120.75306,14069.14038,7.6,3,3
866,Crescent,1664.242554,47.805117,-120.954269,8079.763584,7.6,1,1
867,Merritt,1531.81958,47.805949,-120.913988,23364.62835,9.1,1,1
868,GM2,1661.764893,48.468411,-120.892446,174826.4458,47.3,2,2
869,MR3,1876.379395,48.46403,-120.64762,1708.990885,2.5,5,4
87,Fred Wright,575.454102,55.97086,-128.75732,3938241.262,41.1,NA,2
870,MR15-2,1911.646118,48.40552,-120.64955,3126.170889,3,1,1
871,Upper Cathedral,2248.769531,48.98171,-120.20092,27514.81899,10.6,1,1
872,Boiling,2114.045654,48.203472,-120.35259,23463.07281,5.3,1,1
873,MR2,1872.175537,48.46923,-120.63832,5507.316212,1.5,7,4
874,Lower Cathedral,2079.821777,48.98613,-120.21319,24911.55068,3.7,1,1
875,MA3,2041.615479,48.54648,-120.83395,12407.11498,6,1,1
876,Hart,1214.346558,48.21445,-120.85409,129915.5872,22.8,1,1
877,Tungsten,2153.172852,48.965982,-120.137875,63184.46645,16.5,1,1
878,MM7,1640.446899,48.43132,-120.81437,7023.551957,1.9,4,3
879,SM2-2,1996.149536,48.29109,-120.55215,10464.84768,4.3,3,2
88,Meziadin,244.11116,56.06473,-129.30259,36609709.29,95.1,NA,3
880,Lyman,1706.993774,48.192909,-120.911492,304731.4223,11.9,1,1
881,Quartz,2055.70752,48.957925,-120.411776,28269.80113,7.6,1,1
882,MR5,1639.15332,48.448669,-120.730708,40079.15257,7,2,1
883,MR9,1813.149536,48.43303,-120.71671,18902.97879,4.9,3,2
884,Lost,1502.402588,47.814559,-120.920929,104748.7957,12.2,1,1
885,Perfection,2302.102051,47.47787,-120.81308,4551.772521,15.2,1,1
886,Holden,1608.968994,48.231523,-120.833432,74073.75386,8.2,1,1
887,SM1,2032.396851,48.32058,-120.58918,2940.377197,1.2,3,2
888,Valhalla,1472.26123,47.789834,-121.100381,97443.37709,21.8,1,1
89,Bowser,364.608429,56.45744,-129.59006,35909746,152.4,1,1
890,Corral,2180.968018,48.918756,-120.358153,37604.62406,6.1,1,1
891,CP1,1641.645752,48.474189,-121.046495,123093.8001,17.7,4,3
892,MLY2,1625.596069,48.34577,-120.78818,26023.87042,4.3,3,2
893,MR15-1,1921.43689,48.403699,-120.648544,49284.01086,27,3,2
894,MR16,1900.168579,48.39169,-120.66428,7539.736577,2,2,1
895,Surprise,1875.343506,48.224302,-120.437874,172988.8428,10.7,1,1
896,Isolation,2347.049561,47.477341,-120.820639,80727.52453,12.4,1,1
897,GM1,1266.408325,48.440085,-121.002533,600073.613,49,2,2
898,Cub,1594.463379,48.197922,-120.412593,93925.83285,16.5,1,1
899,MR10,1679.237671,48.428662,-120.674537,53611.00432,6.1,7,5
9,Yakoun,100.371864,53.31021,-132.30612,8363938.606,91,1,1
90,Christina,99.01091,57.23556,-131.90281,1395802.619,72.1,1,1
900,Crow,2112.921875,48.930146,-120.358993,10174.82909,4.6,1,1
901,Ramon,2142.621338,48.98657,-120.38243,13321.52434,4.1,1,1
902,Myrtle,1147.804688,48.055681,-120.703708,74547.95453,18.7,1,1
903,SM2-1,1932.201294,48.29285,-120.55633,9699.031026,2.1,4,3
904,MR8,1964.919678,48.43928,-120.72027,3322.032156,3.5,1,1
905,Remmel,2095.740479,48.95631,-120.20719,47905.67536,2.6,1,1
906,MR13-2,1783.335693,48.40124,-120.74735,14486.00633,5,8,5
907,Cornwell,2117.544434,48.9357,-120.201487,25731.51179,6.4,1,1
908,MM10,664.804077,48.388747,-120.832234,59195.29516,5.8,2,2
909,Minotaur,1691.571045,47.8465,-121.0387,77353.54704,30.5,1,1
91,Tahltan,808.011292,57.96279,-131.61617,4879255.306,51.8,1,1
910,Hidden,690.07959,47.820122,-120.814537,33941.88175,9.5,1,1
911,Sheep,2155.648926,48.972925,-120.379545,17393.28922,15.2,1,1
912,Bernice,2213.693604,48.24153,-120.40342,40739.10251,16.6,1,1
913,MR11,1863.164063,48.41457,-120.68704,11546.9396,8.8,9,5
914,MM6,1503.910522,48.439478,-120.815774,40976.80109,11.9,8,4
915,Cup,1965.584473,47.714837,-120.922037,25120.98948,11.4,1,1
916,Royal Arch,2651.436279,37.577964,-119.503173,34071.32416,12.5,1,1
917,Roosevelt,3105.457764,37.96998,-119.334788,259976.9391,13.1,1,1
918,Davis2,3371.406494,37.12729,-118.720062,430759.5852,23.5,1,1
919,Goethe Basin 1,3518.864258,37.195568,-118.69778,268552.5379,30,1,1
92,Chutine,271.218628,57.75679,-132.39458,6597820.783,201.2,1,1
921,Young,3045.018555,37.937557,-119.339569,22686.89682,10,1,1
922,Evelyn,3151.060791,37.806286,-119.325205,171094.4472,13.1,1,1
923,Elizabeth,2895.953613,37.844953,-119.369509,105120.979,10.3,1,1
924,Hoover West,2648.964844,37.608271,-119.478349,45358.10574,5,1,1
925,Upper Chain,2770.393066,37.569389,-119.406456,64060.74642,16,1,1
926,Evolution,3308.477539,37.169018,-118.696194,246881.3124,13,1,1
927,Merced,2196.575439,37.738013,-119.413773,247762.5076,24,1,1
928,May,2843.515137,37.847282,-119.493375,214561.8707,21.5,1,1
929,Saddle Horse,2211.005615,37.996764,-119.569979,80639.97037,4.5,1,1
93,Kingsalmon,533.127686,58.71592,-132.91076,2323007.932,36.6,1,1
930,Washburn,2319.836182,37.714745,-119.371546,212809.1487,26,1,1
931,Vernon,2001.203613,38.013296,-119.725156,254921.6618,12,1,1
932,Miller,2884.602539,37.99228,-119.419448,35491.09264,11.5,1,1
933,Tenaya,2480.89917,37.831536,-119.459963,719639.4055,31,1,1
934,Vogelsang,3151.949219,37.78672,-119.343505,80721.82556,7,1,1
935,Edith,1916.203979,38.060941,-119.749219,261117.9642,25,1,1
936,Granite3,3176.345459,37.924787,-119.279063,64924.94168,7,1,1
937,Lower Branigan,2260.314453,38.020864,-119.685877,40197.04065,30,1,1
938,Helen2,3335.174561,37.83059,-119.228584,223101.2525,26,1,1
939,Edna,3093.50708,37.644163,-119.382724,163065.0166,30,1,1
94,Kuthai,725.090393,59.23423,-133.26295,1599270.559,29.2,1,1
940,Mildred,2906.908447,37.820583,-119.441577,45581.04246,4.1,1,1
941,Tilden,2709.825439,38.100791,-119.605247,570233.8526,12,1,1
942,Upper Twin3,2639.841309,38.131819,-119.683397,501510.8147,14,1,1
943,Dog,2798.108154,37.891262,-119.340239,140533.3716,6.5,1,1
944,Benson2,2308.992188,38.016124,-119.529699,694140.2006,30,1,1
945,Kibbie,1984.471191,38.053449,-119.846372,478756.3463,30,1,1
946,Unnamed 36,2202.418457,40.457965,-121.448997,1152.975219,0.8,1,1
947,Bathtub Pond,1851.7146,40.56855,-121.29581,15001.09876,5.6,1,1
948,Indian Lake,2127.237549,40.45645,-121.32985,33560.38895,4.2,1,1
949,Cluster Lake 3,1993.620605,40.533948,-121.393336,69955.26791,4.5,1,1
95,Trapper,769.312744,58.46384,-132.62804,5654183.582,114.7,1,1
950,Unnamed 34,2043.778198,40.43043,-121.28113,3564.161538,1.8,1,1
951,Crystal Lake,2198.599854,40.459074,-121.290087,27529.31582,5.7,1,1
952,Cliff Lake,2239.640625,40.47704,-121.45596,19685.34996,3.4,1,1
953,Indian Pond,2138.400146,40.45817,-121.32677,9994.256078,6.4,1,1
954,Little Bear Lake,2067.888672,40.52311,-121.40689,16964.89044,2.2,1,1
955,Helen,2489.19165,40.468629,-121.510442,108409.0152,32.5,1,1
956,Rainbow Lake,2008.105713,40.51227,-121.34924,103711.0229,8.8,1,1
957,Cluster Lake 4,1993.648071,40.53689,-121.3944,19474.94798,0.9,1,1
958,Jakey Pond 6,2146.293701,40.47376,-121.26803,8309.418519,2.7,1,1
959,Reflection Lake,1794.969849,40.537477,-121.565654,35560.59255,4.5,1,1
96,Kennicot,633.021057,58.17461,-131.55575,1404480.414,69.5,1,1
960,Cluster Pond 4,2036.192749,40.52908,-121.39727,3818.57889,2.4,1,1
961,Summit Lake,2035.941528,40.493591,-121.423527,53270.59089,2.2,1,1
962,Hidden5,2030.619019,40.490599,-121.330419,34263.71894,3.2,1,1
963,Inspiration Pond 2,2052.585449,40.47735,-121.29654,9694.244644,1.6,1,1
964,Unnamed 27,2220.116699,40.477853,-121.252521,4202.027449,2.1,1,1
965,Soap Lake,1925.31897,40.551452,-121.380529,28550.4709,0.9,1,1
966,Forest Lake,2275.584473,40.439232,-121.550743,7930.932085,3.6,1,1
967,Harriette,2049.908936,42.337367,-122.098354,145418.9451,21,1,1
968,Margurette,1828.945313,42.599581,-122.203913,60056.28709,7.5,1,1
969,Wind2,1850.661987,42.614513,-122.20945,8040.267714,1,1,1
97,Tatsamenie,790.016968,58.33131,-132.34451,16499667.58,142,1,1
970,Hemlock1,1950.229614,42.34863,-122.089022,11612.32997,8.5,1,1
971,Lonesome,1427.952881,42.5439,-121.156079,542.630463,3.5,1,1
972,Bert,1815.876465,42.516245,-122.223631,7974.022825,1.5,1,1
973,Trapper,1814.297363,42.599564,-122.197839,64749.94339,3.5,1,1
974,Upper Palisades,1771.848999,46.950896,-121.593351,7839.630498,15.3,2,1
975,Deer,1092.621338,47.571503,-121.400378,162338.6239,12.1,1,1
976,RD2,409.10495,48.69682,-121.1088,27048.39265,6.4,5,3
977,MC7,1554.048706,48.976107,-121.480355,66255.88817,27.2,1,1
978,LN04,1057.940796,46.800578,-121.870568,3999.580527,3.1,1,1
979,LW08,1949.724121,46.94054,-121.608634,5090.232186,2.5,3,2
98,Azouzetta,871.551636,55.38754,-122.61256,992644.2396,29.9,1,1
980,LW15,1694.31665,46.933204,-121.594466,916.641496,2.8,1,1
981,M19,1429.794189,48.68973,-121.33527,48225.01929,24,3,2
982,LH08,1764.958862,46.96161,-121.61413,4127.237269,1,1,1
983,Little Paradise,1237.36499,47.656002,-121.505859,19073.5116,13,1,1
984,LC34,1757.030884,46.954992,-121.753955,11970.22099,2.5,2,2
985,M5,1385.328491,48.70517,-121.5018,12758.83355,9,2,2
986,LM26,1430.373901,46.885846,-121.896567,5535.938012,4.7,1,1
987,LZ07,1891.502075,46.798208,-121.711077,348.006192,0.5,1,1
988,RD5-2,1032.307983,48.65863,-121.04005,2167.060163,5.8,17,8
989,LS3,1350.006348,48.64898,-121.54293,15447.96077,4.9,3,3
99,R11 Pond,1812.0354,51.05540909,-118.0627358,14435.6879,7,2,1
990,EP6,1565.771729,48.601208,-121.1705,37730.5622,19.8,2,2
991,West,1396.280884,46.819,-121.943716,16711.69319,9.2,1,1
992,DD8,1860.305908,48.628276,-121.152898,10272.09461,1.9,1,1
993,M21,1201.962524,48.72194,-121.36506,23245.15594,3.1,1,1
994,LP14,1998.803223,46.830753,-121.853466,1866.457584,0.5,1,1
995,LO35,1746.983765,46.941239,-121.761198,764.771896,0.6,2,2
996,Green,972.570862,46.977002,-121.859622,49597.6899,29,24,6
997,LC14,1695.984131,46.935587,-121.834355,10920.91333,1,2,2
998,Hidden,1805.23877,46.94149,-121.59994,21190.915,7,2,1
999,Bear,1100.905151,47.574004,-121.394269,184875.3856,14.1,1,1
